Time,Surface Speed (m/s),GForce (g),Acceleration (m/s^2),Thrust (kN),TWR,Mass (t),Pitch (deg),Heading (deg),Roll (deg),Angle of Attack (deg),Mach number,Altitude from Terrain (m),Altitude from the Sea (m),Downrange Distance (m),Latitude (deg),Longitude (deg),Apoapsis (m),Periapsis (m),Time to Apoapsis (s),Time to Periapsis (s),Inclination (deg),Orbital Velocity (m/s),Gravity (m/s^2),Target Distance (m),Target Speed (m/s),Stage DeltaV (m/s),Vessel DeltaV (m/s),Pressure (kPa),External Temperature (K),
1.02,83.66,8.87,77.4,26.04,,0.29,77.76,,-90.06,0.01,0.22,,143.47,9.39,28.60839,-80.59984,,,,,,,,,,,,99.67,294.54,
2.02,163.59,9.23,81.05,26.07,,0.27,76.79,,-90.08,0,0.45,,264.49,36.95,28.60839,-80.60012,,,,,,,,,,,,98.27,293.89,
3.02,246.85,9.54,84.09,26.12,,0.26,76.13,,-90.08,0,0.69,,464.54,85.35,28.60838,-80.60062,,,,,,,,,,,,95.98,292.78,
4.02,331.08,9.51,83.83,26.18,,0.25,75.64,,-90.09,0,0.94,,745.66,156.2,28.60838,-80.60134,,,,,,,,,,,,92.83,321.93,
5.04,405.06,7.89,67.99,26.24,,0.23,75.25,,-90.09,0,1.17,,1111.09,251.2,28.60838,-80.60232,,,,,,,,,,,,88.87,397.61,
6.06,478.52,8.62,75.15,26.3,,0.22,74.91,,-90.09,0,1.39,,1546.38,367.31,28.60838,-80.6035,,,,,,,,,,,,84.34,470.14,
7.08,510.22,3.05,39.4,0,,0.21,74.6,,-90.1,0,1.52,,2047.22,503.84,28.60838,-80.6049,,,,,,,,,,,,79.36,514.75,
8.08,475.51,2.3,32.11,0,,0.17,74.29,,-89.37,0,1.42,,2520.9,635.63,28.60838,-80.60625,,,,,,,,,,,,74.87,478.96,
9.08,464.27,0.68,3.86,4.56,,0.17,73.96,,-88.6,0,1.39,,2969.91,763.29,28.60837,-80.60756,,,,,,,,,,,,70.83,464.55,
10.1,462.35,0.8,3.16,4.56,,0.16,73.61,,-88.2,0,1.39,,3423.55,895.2,28.60837,-80.60891,,,,,,,,,,,,66.93,462.5,
11.12,461.62,0.92,2.86,4.55,,0.16,73.25,,-87.99,0,1.39,,3875.09,1029.52,28.60837,-80.61029,,,,,,,,,,,,63.24,461.64,
12.12,461.97,1.02,2.96,4.55,,0.16,72.89,,-87.89,0,1.4,,4316.78,1163.92,28.60836,-80.61167,,,,,,,,,,,,59.79,461.88,
13.12,463.28,1.11,3.35,4.55,,0.16,72.53,,-87.84,0,1.41,,4758.42,1301.35,28.60836,-80.61307,,,,,,,,,,,,56.5,463.09,
14.12,465.47,1.2,3.88,4.55,,0.16,72.16,,-87.81,0,1.42,,5200.86,1442.14,28.60836,-80.61452,,,,,,,,,,,,53.36,465.19,
15.16,468.63,1.28,4.5,4.55,,0.15,71.76,,-87.8,0,1.44,,5662.65,1592.48,28.60835,-80.61606,,,,,,,,,,,,50.23,468.25,
16.16,472.44,1.36,5.11,4.54,,0.15,71.38,,-87.8,0,1.46,,6109.02,1741.12,28.60835,-80.61758,,,,,,,,,,,,47.35,471.99,
17.2,477.17,1.43,5.74,4.54,,0.15,70.98,,-87.8,0,1.48,,6576.38,1900.3,28.60834,-80.61921,,,,,,,,,,,,44.48,476.64,
18.22,482.52,1.5,6.35,4.54,,0.15,70.58,,-87.8,0,1.51,,7038.52,2061.29,28.60834,-80.62086,,,,,,,,,,,,41.79,481.91,
19.28,488.77,1.56,6.95,4.53,,0.15,70.17,,-87.81,0,1.53,,7523.38,2234.05,28.60833,-80.62263,,,,,,,,,,,,39.11,488.09,
20.32,495.54,1.62,7.5,4.53,,0.14,69.76,,-87.81,0,1.57,,8004.22,2409.28,28.60832,-80.62442,,,,,,,,,,,,36.59,494.8,
21.34,502.76,1.67,8.02,4.53,,0.14,69.35,,-87.82,0,1.6,,8481.28,2586.97,28.60832,-80.62624,,,,,,,,,,,,34.23,501.95,
22.34,510.36,1.72,8.52,4.53,,0.14,68.95,,-87.83,0,1.63,,8954.68,2767.08,28.60831,-80.62809,,,,,,,,,,,,32,509.5,
23.38,518.81,1.77,9.04,4.52,,0.14,68.54,,-87.84,0,1.67,,9453.45,2960.88,28.6083,-80.63007,,,,,,,,,,,,29.79,517.89,
24.38,527.47,1.82,9.55,4.52,,0.14,68.14,,-87.85,0,1.71,,9939.65,3153.78,28.60829,-80.63205,,,,,,,,,,,,27.76,526.49,
25.4,536.87,1.88,10.09,4.52,,0.13,67.73,,-87.85,0,1.76,,10442.72,3357.46,28.60828,-80.63414,,,,,,,,,,,,25.77,535.83,
26.4,546.65,1.93,10.65,4.52,,0.13,67.33,,-87.86,0,1.8,,10943.36,3564.26,28.60827,-80.63625,,,,,,,,,,,,23.92,545.54,
27.4,557.03,1.99,11.24,4.51,,0.13,66.93,,-87.87,0,1.85,,11451.84,3778.43,28.60826,-80.63845,,,,,,,,,,,,22.16,555.86,
28.4,568.05,2.06,11.89,4.51,,0.13,66.53,,-87.87,0,1.9,,11968.65,4000.33,28.60825,-80.64072,,,,,,,,,,,,20.48,566.81,
29.42,580.02,2.13,12.6,4.51,,0.13,66.13,,-87.88,0,1.95,,12504.93,4235.03,28.60824,-80.64312,,,,,,,,,,,,18.85,578.69,
30.42,592.53,2.21,13.38,4.51,,0.12,65.74,,-87.88,0,2,,13040.26,4473.73,28.60823,-80.64557,,,,,,,,,,,,17.34,591.12,
31.44,606.16,2.29,14.23,4.51,,0.12,65.34,,-87.89,0,2.06,,13596.73,4726.46,28.60822,-80.64816,,,,,,,,,,,,15.89,604.66,
32.44,620.41,2.38,15.1,4.51,,0.12,64.95,,-87.9,0,2.12,,14153.22,4983.8,28.6082,-80.65079,,,,,,,,,,,,14.55,618.87,
33.44,635.56,2.47,16,4.51,,0.12,64.57,,-87.9,0,2.18,,14721.27,5251.11,28.60819,-80.65353,,,,,,,,,,,,13.28,634.1,
34.48,652.33,2.57,16.97,4.5,,0.12,64.17,,-87.9,0,2.25,,15325.1,5540.25,28.60817,-80.6565,,,,,,,,,,,,12.04,651.14,
35.52,670.15,2.67,18,4.5,,0.11,63.78,,-87.91,0,2.32,,15943.09,5841.36,28.60816,-80.65958,,,,,,,,,,,,10.89,669.54,
36.52,688.36,2.78,19.04,4.5,,0.11,63.41,,-87.91,0,2.39,,16551.52,6142.79,28.60814,-80.66267,,,,,,,,,,,,9.86,688.64,
37.52,707.65,2.89,20.13,4.5,,0.11,63.05,,-87.92,0,2.46,,17174.75,6456.49,28.60813,-80.66588,,,,,,,,,,,,8.9,709.26,
38.54,728.51,3,21.28,4.5,,0.11,62.68,,-87.92,0,2.52,,17826.61,6789.8,28.60811,-80.66929,,,,,,,,,,,,8,732,
39.58,751.03,3.13,22.5,4.5,,0.1,62.31,,-87.92,0,2.6,,18509.07,7144.22,28.60809,-80.67293,,,,,,,,,,,,7.16,757.14,
40.58,773.92,3.25,23.71,4.5,,0.1,61.97,,-87.92,0,2.66,,19183.23,7499.62,28.60807,-80.67657,,,,,,,,,,,,6.42,783.33,
41.58,798.05,3.37,24.95,4.5,,0.1,61.63,,-87.93,0,2.74,,19875.98,7870.08,28.60805,-80.68036,,,,,,,,,,,,5.74,811.73,
42.6,823.98,3.5,26.25,4.5,,0.1,61.29,,-87.93,0,2.81,,20602.76,8264.24,28.60803,-80.6844,,,,,,,,,,,,5.11,843.25,
43.6,850.72,3.63,27.54,4.5,,0.1,60.96,,-87.93,0,2.89,,21336.11,8667.42,28.608,-80.68853,,,,,,,,,,,,4.55,877,
44.62,879.35,3.77,28.89,4.5,,0.09,60.64,,-87.93,0,2.98,,22106.42,9096.56,28.60798,-80.69292,,,,,,,,,,,,4.03,914.76,
45.64,909.39,3.91,30.27,4.5,,0.09,60.32,,-87.93,0,3.07,,22900.37,9544.63,28.60795,-80.69751,,,,,,,,,,,,3.56,956.33,
46.66,940.87,4.05,31.68,4.5,,0.09,60.01,,-87.93,0,3.16,,23719.07,10012.51,28.60793,-80.70231,,,,,,,,,,,,3.13,1002.2,
47.7,974.5,4.2,33.17,4.5,,0.09,59.71,,-87.93,0,3.26,,24580.53,10510.9,28.6079,-80.70741,,,,,,,,,,,,2.74,1053.99,
48.7,1008.32,4.35,34.64,4.5,,0.09,59.42,,-87.93,0,3.36,,25435.45,11011.36,28.60787,-80.71254,,,,,,,,,,,,2.4,1109.15,
49.72,1044.39,4.51,36.19,4.5,,0.08,59.14,,-87.93,0,3.47,,26335.54,11544.24,28.60784,-80.718,,,,,,,,,,,,2.1,1171.52,
50.72,1042.73,0.66,15.67,0,,0.08,58.86,,-87.93,0,3.46,,27234.17,12082.07,28.60781,-80.72351,,,,,,,,,,,,1.83,1175.3,
51.74,1028.34,0.56,14.74,0,,0.08,58.57,,-87.93,0,3.4,,28136.61,12628.13,28.60778,-80.7291,,,,,,,,,,,,1.6,1145.02,
52.76,1014.84,0.48,13.97,0,,0.08,58.28,,-87.93,0,3.34,,29024.16,13171.26,28.60775,-80.73466,,,,,,,,,,,,1.4,1117.74,
53.78,1002.11,0.41,13.33,0,,0.08,57.98,,-87.92,0,3.29,,29897.53,13711.85,28.60771,-80.7402,,,,,,,,,,,,1.23,1092.93,
54.78,990.26,0.35,12.81,0,,0.08,57.68,,-87.92,0,3.24,,30740.58,14239.72,28.60768,-80.74561,,,,,,,,,,,,1.09,1070.65,
55.8,978.71,0.31,12.35,0,,0.08,57.37,,-87.92,0,3.19,,31587.54,14776.27,28.60765,-80.75111,,,,,,,,,,,,0.96,1049.77,
56.8,967.86,0.26,11.98,0,,0.08,57.06,,-87.92,0,3.14,,32405.6,15300.68,28.60762,-80.75648,,,,,,,,,,,,0.85,1030.83,
57.82,957.19,0.23,11.66,0,,0.08,56.73,,-87.92,0,3.09,,33227.84,15834.16,28.60759,-80.76194,,,,,,,,,,,,0.76,1012.87,
58.82,947.08,0.2,11.39,0,,0.08,56.41,,-87.92,0,3.05,,34022.3,16355.94,28.60756,-80.76729,,,,,,,,,,,,0.68,996.4,
59.84,937.07,0.17,11.15,0,,0.08,56.07,,-87.92,0,3.01,,34821.02,16887.07,28.60753,-80.77273,,,,,,,,,,,,0.61,980.59,
60.84,927.52,0.15,10.95,0,,0.08,55.74,,-87.92,0,2.97,,35592.91,17406.83,28.6075,-80.77805,,,,,,,,,,,,0.54,965.97,
61.84,918.21,0.13,10.78,0,,0.08,55.39,,-87.92,0,2.92,,36353.91,17925.77,28.60747,-80.78337,,,,,,,,,,,,0.49,952.12,
62.86,908.93,0.11,10.63,0,,0.08,55.04,,-87.91,0,2.88,,37119.09,18454.35,28.60744,-80.78878,,,,,,,,,,,,0.44,938.7,
63.86,900.02,0.1,10.5,0,,0.08,54.68,,-87.91,0,2.85,,37858.57,18971.92,28.60741,-80.79408,,,,,,,,,,,,0.4,926.17,
64.9,890.93,0.08,10.39,0,,0.08,54.3,,-87.91,0,2.81,,38616.54,19509.61,28.60738,-80.79959,,,,,,,,,,,,0.36,913.72,
65.9,882.34,0.07,10.29,0,,0.08,53.94,,-87.91,0,2.77,,39334.8,20026.11,28.60735,-80.80488,,,,,,,,,,,,0.33,902.26,
66.9,873.9,0.06,10.21,0,,0.08,53.56,,-87.91,0,2.73,,40042.8,20542.19,28.60732,-80.81017,,,,,,,,,,,,0.3,891.26,
67.92,865.41,0.05,10.13,0,,0.08,53.17,,-87.91,0,2.7,,40754.48,21068.19,28.60728,-80.81556,,,,,,,,,,,,0.27,880.46,
68.92,857.22,0.05,10.07,0,,0.08,52.78,,-87.91,0,2.66,,41441.99,21583.55,28.60725,-80.82084,,,,,,,,,,,,0.25,870.26,
69.94,848.96,0.04,10.02,0,,0.08,52.38,,-87.91,0,2.63,,42132.9,22108.92,28.60722,-80.82622,,,,,,,,,,,,0.22,860.19,
70.96,840.79,0.04,9.99,0,,0.08,51.96,,-87.9,0,2.6,,42813.41,22634.01,28.60719,-80.8316,,,,,,,,,,,,0.21,850.44,
71.96,832.85,0.03,9.96,0,,0.08,51.55,,-87.9,0,2.56,,43470.49,23148.55,28.60716,-80.83687,,,,,,,,,,,,0.19,841.15,
72.96,824.99,0.03,9.94,0,,0.08,51.13,,-87.9,0,2.53,,44117.64,23662.87,28.60713,-80.84214,,,,,,,,,,,,0.17,832.12,
73.98,817.05,0.03,9.91,0,,0.08,50.7,,-87.9,0,2.5,,44767.5,24187.26,28.6071,-80.84751,,,,,,,,,,,,0.16,823.14,
74.98,809.33,0.03,9.89,0,,0.08,50.26,,-87.9,0,2.47,,45394.62,24701.17,28.60707,-80.85277,,,,,,,,,,,,0.15,814.55,
76.02,801.38,0.02,9.87,0,,0.08,49.8,,-87.9,0,2.44,,46036.35,25235.44,28.60704,-80.85824,,,,,,,,,,,,0.14,805.83,
77.06,793.5,0.02,9.85,0,,0.08,49.33,,-87.9,0,2.42,,46667.42,25769.52,28.60701,-80.86372,,,,,,,,,,,,0.13,797.3,
78.08,785.85,0.02,9.84,0,,0.08,48.86,,-87.9,0,2.39,,47276.01,26293.16,28.60698,-80.86908,,,,,,,,,,,,0.12,789.1,
79.08,778.41,0.02,9.82,0,,0.08,48.39,,-87.9,0,2.37,,47862.75,26806.39,28.60695,-80.87434,,,,,,,,,,,,0.11,781.22,
80.1,770.9,0.02,9.81,0,,0.08,47.9,,-87.89,0,2.34,,48451.11,27329.72,28.60692,-80.8797,,,,,,,,,,,,0.1,773.33,
81.12,763.46,0.02,9.8,0,,0.08,47.41,,-87.89,0,2.32,,49029.27,27852.92,28.60689,-80.88506,,,,,,,,,,,,0.09,765.57,
82.12,756.23,0.02,9.79,0,,0.08,46.91,,-87.89,0,2.3,,49586.21,28365.73,28.60686,-80.89031,,,,,,,,,,,,0.09,758.08,
83.12,749.08,0.01,9.78,0,,0.08,46.4,,-87.89,0,2.28,,50133.38,28878.42,28.60683,-80.89556,,,,,,,,,,,,0.08,750.71,
84.14,741.85,0.01,9.77,0,,0.08,45.88,,-87.89,0,2.26,,50681.42,29401.25,28.60679,-80.90092,,,,,,,,,,,,0.08,743.3,
85.14,734.83,0.01,9.76,0,,0.08,45.35,,-87.89,0,2.24,,51208.87,29913.71,28.60676,-80.90617,,,,,,,,,,,,0.07,736.14,
86.16,727.75,0.01,9.75,0,,0.08,44.81,,-87.89,0,2.22,,51736.81,30436.32,28.60673,-80.91152,,,,,,,,,,,,0.07,728.93,
87.2,720.61,0.01,9.74,0,,0.08,44.24,,-87.89,0,2.2,,52264.68,30969.07,28.6067,-80.91698,,,,,,,,,,,,0.06,721.68,
88.24,713.55,0.01,9.74,0,,0.08,43.66,,-87.89,0,2.18,,52782.01,31501.71,28.60667,-80.92243,,,,,,,,,,,,0.06,714.53,
89.26,706.7,0.01,9.73,0,,0.08,43.09,,-87.88,0,2.17,,53279.18,32024.02,28.60664,-80.92778,,,,,,,,,,,,0.05,707.62,
90.26,700.07,0.01,9.73,0,,0.08,42.51,,-87.88,0,2.15,,53756.77,32536,28.60661,-80.93303,,,,,,,,,,,,0.05,700.93,
91.26,693.51,0.01,9.72,0,,0.08,41.92,,-87.88,0,2.13,,54224.65,33047.9,28.60658,-80.93827,,,,,,,,,,,,0.05,694.32,
92.26,687.03,0.01,9.72,0,,0.08,41.32,,-87.88,0,2.12,,54682.82,33559.72,28.60655,-80.94351,,,,,,,,,,,,0.05,687.81,
93.28,680.51,0.01,9.71,0,,0.08,40.7,,-87.88,0,2.1,,55140.15,34081.69,28.60652,-80.94886,,,,,,,,,,,,0.04,681.25,
94.28,674.2,0.01,9.71,0,,0.08,40.08,,-87.88,0,2.09,,55578.72,34593.36,28.60649,-80.9541,,,,,,,,,,,,0.04,674.92,
95.28,667.98,0.01,9.7,0,,0.08,39.45,,-87.88,0,2.07,,56007.59,35104.95,28.60646,-80.95934,,,,,,,,,,,,0.04,668.67,
96.3,661.72,0.01,9.7,0,,0.08,38.79,,-87.88,0,2.06,,56435.05,35626.71,28.60643,-80.96469,,,,,,,,,,,,0.04,662.4,
97.3,655.67,0.01,9.69,0,,0.08,38.13,,-87.88,0,2.04,,56844.35,36138.17,28.6064,-80.96993,,,,,,,,,,,,0.03,656.34,
98.3,649.72,0.01,9.69,0,,0.08,37.47,,-87.88,0,2.03,,57243.96,36649.56,28.60637,-80.97516,,,,,,,,,,,,0.03,650.37,
99.34,643.62,0.01,9.69,0,,0.08,36.76,,-87.88,0,2.02,,57649.28,37181.35,28.60634,-80.98061,,,,,,,,,,,,0.03,644.26,
100.36,637.75,0.01,9.68,0,,0.08,36.05,,-87.87,0,2,,58036.65,37702.85,28.60631,-80.98595,,,,,,,,,,,,0.03,638.38,
101.36,632.09,0.01,9.68,0,,0.08,35.35,,-87.87,0,1.99,,58406.64,38214.06,28.60627,-80.99119,,,,,,,,,,,,0.03,632.71,
102.4,626.31,0.01,9.68,0,,0.08,34.6,,-87.87,0,1.97,,58781.18,38745.66,28.60624,-80.99664,,,,,,,,,,,,0.03,626.91,
103.42,620.75,0.01,9.67,0,,0.08,33.86,,-87.87,0,1.96,,59138.35,39266.98,28.60621,-81.00198,,,,,,,,,,,,0.03,621.34,
104.42,615.4,0,9.67,0,,0.08,33.11,,-87.87,0,1.95,,59478.76,39778.03,28.60618,-81.00721,,,,,,,,,,,,0.02,615.99,
105.42,610.17,0,9.67,0,,0.08,32.36,,-87.87,0,1.94,,59809.51,40289.03,28.60615,-81.01245,,,,,,,,,,,,0.02,610.74,
106.44,604.94,0,9.67,0,,0.08,31.57,,-87.87,0,1.92,,60136.92,40810.19,28.60612,-81.01778,,,,,,,,,,,,0.02,605.5,
107.46,599.83,0,9.66,0,,0.08,30.78,,-87.87,0,1.91,,60454.28,41331.31,28.60609,-81.02312,,,,,,,,,,,,0.02,600.38,
108.46,594.94,0,9.66,0,,0.08,29.98,,-87.87,0,1.9,,60755.67,41842.17,28.60606,-81.02835,,,,,,,,,,,,0.02,595.47,
109.48,590.08,0,9.66,0,,0.08,29.16,,-87.87,0,1.89,,61053.14,42363.19,28.60603,-81.03369,,,,,,,,,,,,0.02,590.59,
110.5,585.34,0,9.66,0,,0.08,28.32,,-87.87,0,1.88,,61340.57,42884.17,28.606,-81.03903,,,,,,,,,,,,0.02,585.84,
111.52,580.73,0,9.66,0,,0.08,27.47,,-87.87,0,1.86,,61617.96,43405.11,28.60597,-81.04436,,,,,,,,,,,,0.02,581.22,
112.52,576.34,0,9.65,0,,0.08,26.63,,-87.87,0,1.85,,61880.16,43915.79,28.60594,-81.0496,,,,,,,,,,,,0.02,576.81,
113.52,572.08,0,9.65,0,,0.08,25.77,,-87.87,0,1.84,,62132.72,44426.43,28.60591,-81.05483,,,,,,,,,,,,0.02,572.54,
114.54,567.87,0,9.65,0,,0.08,24.87,,-87.87,0,1.83,,62380.4,44947.25,28.60588,-81.06016,,,,,,,,,,,,0.02,568.31,
115.54,563.88,0,9.65,0,,0.08,23.99,,-87.86,0,1.82,,62613.49,45457.82,28.60585,-81.06539,,,,,,,,,,,,0.02,564.31,
116.56,559.95,0,9.65,0,,0.08,23.07,,-87.86,0,1.81,,62841.3,45978.56,28.60582,-81.07073,,,,,,,,,,,,0.02,560.37,
117.56,556.25,0,9.65,0,,0.08,22.16,,-87.86,0,1.8,,63054.91,46489.06,28.60579,-81.07595,,,,,,,,,,,,0.01,556.65,
118.56,552.68,0,9.64,0,,0.08,21.24,,-87.86,0,1.79,,63258.89,46999.52,28.60576,-81.08118,,,,,,,,,,,,0.01,553.07,
119.56,549.27,0,9.64,0,,0.08,20.3,,-87.86,0,1.78,,63453.23,47509.95,28.60572,-81.08641,,,,,,,,,,,,0.01,549.64,
120.6,545.87,0,9.64,0,,0.08,19.31,,-87.86,0,1.78,,63645.12,48040.77,28.60569,-81.09185,,,,,,,,,,,,0.01,546.23,
121.62,542.71,0,9.64,0,,0.08,18.34,,-87.86,0,1.77,,63823.2,48561.35,28.60566,-81.09718,,,,,,,,,,,,0.01,543.04,
122.62,539.75,0,9.64,0,,0.08,17.36,,-87.86,0,1.76,,63988.07,49071.69,28.60563,-81.10241,,,,,,,,,,,,0.01,540.07,
123.64,536.91,0,9.64,0,,0.08,16.36,,-87.86,0,1.75,,64146.3,49592.2,28.6056,-81.10774,,,,,,,,,,,,0.01,537.21,
124.64,534.28,0,9.64,0,,0.08,15.37,,-87.86,0,1.74,,64291.71,50102.48,28.60557,-81.11297,,,,,,,,,,,,0.01,534.56,
125.66,531.76,0,9.64,0,,0.08,14.35,,-87.86,0,1.74,,64430.11,50622.94,28.60554,-81.1183,,,,,,,,,,,,0.01,532.02,
126.7,529.37,0,9.64,0,,0.08,13.3,,-87.86,0,1.73,,64560.9,51153.58,28.60551,-81.12374,,,,,,,,,,,,0.01,529.61,
127.72,527.2,0,9.63,0,,0.08,12.26,,-87.86,0,1.73,,64679.07,51673.99,28.60548,-81.12907,,,,,,,,,,,,0.01,527.42,
128.74,525.2,0,9.63,0,,0.08,11.21,,-87.86,0,1.72,,64787.22,52194.37,28.60545,-81.1344,,,,,,,,,,,,0.01,525.41,
129.76,523.38,0,9.63,0,,0.08,10.15,,-87.86,0,1.72,,64885.36,52714.72,28.60542,-81.13973,,,,,,,,,,,,0.01,523.57,
130.78,521.74,0,9.63,0,,0.08,9.08,,-87.86,0,1.71,,64973.48,53235.05,28.60538,-81.14506,,,,,,,,,,,,0.01,521.91,
131.8,520.28,0,9.63,0,,0.08,8.01,,-87.86,0,1.71,,65051.59,53755.36,28.60535,-81.15039,,,,,,,,,,,,0.01,520.42,
132.82,519,0,9.63,0,,0.08,6.93,,-87.86,0,1.7,,65119.69,54275.64,28.60532,-81.15572,,,,,,,,,,,,0.01,519.12,
133.84,517.9,0,9.63,0,,0.08,5.84,,-87.86,0,1.7,,65177.78,54795.9,28.60529,-81.16104,,,,,,,,,,,,0.01,518.01,
134.84,517,0,9.63,0,,0.08,4.77,,-87.86,0,1.7,,65225.01,55305.94,28.60526,-81.16627,,,,,,,,,,,,0.01,517.09,
135.84,516.28,0,9.63,0,,0.08,3.7,,-87.86,0,1.7,,65262.62,55815.95,28.60523,-81.17149,,,,,,,,,,,,0.01,516.35,
136.86,515.73,0,9.63,0,,0.08,2.6,,-87.86,0,1.69,,65291.06,56336.15,28.6052,-81.17682,,,,,,,,,,,,0.01,515.78,
137.9,515.36,0,9.63,0,,0.08,1.48,,-87.86,0,1.69,,65309.76,56866.52,28.60517,-81.18225,,,,,,,,,,,,0.01,515.39,
138.92,515.18,0,9.63,0,,0.08,0.37,,-87.87,0,1.69,,65317.99,57386.67,28.60514,-81.18758,,,,,,,,,,,,0.01,515.19,
139.94,515.19,0,9.63,0,,0.08,-0.73,,-87.87,0,1.69,,65316.22,57906.8,28.60511,-81.19291,,,,,,,,,,,,0.01,515.18,
140.96,515.39,0,9.63,0,,0.08,-1.83,,-87.87,0,1.69,,65304.43,58426.92,28.60508,-81.19824,,,,,,,,,,,,0.01,515.36,
141.98,515.78,0,9.63,0,,0.08,-2.93,,-87.87,0,1.69,,65282.63,58947.01,28.60504,-81.20357,,,,,,,,,,,,0.01,515.73,
143,516.35,0,9.63,0,,0.08,-4.03,,-87.87,0,1.7,,65250.83,59467.08,28.60501,-81.20889,,,,,,,,,,,,0.01,516.27,
144.02,517.1,0,9.63,0,,0.08,-5.12,,-87.87,0,1.7,,65209.02,59987.14,28.60498,-81.21422,,,,,,,,,,,,0.01,517.01,
145.04,518.04,0,9.63,0,,0.08,-6.21,,-87.87,0,1.7,,65157.2,60507.17,28.60495,-81.21955,,,,,,,,,,,,0.01,517.93,
146.06,519.16,0,9.63,0,,0.08,-7.3,,-87.87,0,1.7,,65095.38,61027.19,28.60492,-81.22487,,,,,,,,,,,,0.01,519.03,
147.08,520.46,0,9.63,0,,0.08,-8.37,,-87.87,0,1.71,,65023.54,61547.18,28.60489,-81.2302,,,,,,,,,,,,0.01,520.31,
148.08,521.92,0,9.63,0,,0.08,-9.43,,-87.87,0,1.71,,64943.4,62056.97,28.60486,-81.23542,,,,,,,,,,,,0.01,521.75,
149.1,523.58,0,9.63,0,,0.08,-10.49,,-87.87,0,1.71,,64851.75,62576.93,28.60483,-81.24075,,,,,,,,,,,,0.01,523.39,
150.1,525.37,0,9.63,0,,0.08,-11.53,,-87.87,0,1.72,,64752.18,63086.67,28.6048,-81.24597,,,,,,,,,,,,0.01,525.17,
151.12,527.38,0,9.63,0,,0.08,-12.58,,-87.87,0,1.72,,64640.71,63606.6,28.60477,-81.2513,,,,,,,,,,,,0.01,527.16,
152.14,529.56,0,9.63,0,,0.08,-13.62,,-87.88,0,1.73,,64519.24,64126.5,28.60474,-81.25662,,,,,,,,,,,,0.01,529.32,
153.18,531.97,0,9.63,0,,0.08,-14.67,,-87.88,0,1.74,,64385.08,64656.58,28.6047,-81.26205,,,,,,,,,,,,0.01,531.7,
154.18,534.44,0,9.63,0,,0.08,-15.67,,-87.88,0,1.74,,64246.27,65166.26,28.60467,-81.26727,,,,,,,,,,,,0.01,534.16,
155.2,537.13,0,9.63,0,,0.08,-16.68,,-87.88,0,1.75,,64094.77,65686.11,28.60464,-81.2726,,,,,,,,,,,,0.01,536.83,
156.2,539.92,0,9.63,0,,0.08,-17.66,,-87.88,0,1.76,,63936.54,66195.75,28.60461,-81.27782,,,,,,,,,,,,0.01,539.61,
157.22,542.93,0,9.63,0,,0.08,-18.65,,-87.88,0,1.76,,63765.23,66715.56,28.60458,-81.28314,,,,,,,,,,,,0.01,542.6,
158.24,546.1,0,9.63,0,,0.08,-19.62,,-87.88,0,1.77,,63583.91,67235.35,28.60455,-81.28847,,,,,,,,,,,,0.01,545.75,
159.26,549.43,0,9.63,0,,0.08,-20.59,,-87.88,0,1.78,,63392.59,67755.13,28.60452,-81.29379,,,,,,,,,,,,0.01,549.06,
160.3,552.97,0,9.63,0,,0.08,-21.56,,-87.89,0,1.79,,63187.21,68285.07,28.60449,-81.29922,,,,,,,,,,,,0.01,552.59,
161.32,556.6,0,9.63,0,,0.08,-22.5,,-87.89,0,1.8,,62975.68,68804.8,28.60446,-81.30454,,,,,,,,,,,,0.02,556.2,
162.34,560.38,0,9.63,0,,0.08,-23.42,,-87.89,0,1.81,,62754.14,69324.51,28.60442,-81.30987,,,,,,,,,,,,0.02,559.97,
163.38,564.38,0,9.63,0,,0.08,-24.36,,-87.89,0,1.82,,62517.96,69854.39,28.60439,-81.31529,,,,,,,,,,,,0.02,563.95,
164.4,568.45,0,9.63,0,,0.08,-25.26,,-87.89,0,1.83,,62276.22,70374.06,28.60436,-81.32062,,,,,,,,,,,,0.02,568,
165.4,572.57,0,9.63,0,,0.08,-26.13,,-87.89,0,1.84,,62029.51,70883.52,28.60433,-81.32584,,,,,,,,,,,,0.02,572.11,
166.42,576.9,0,9.62,0,,0.08,-27,,-87.9,0,1.85,,61767.95,71403.14,28.6043,-81.33116,,,,,,,,,,,,0.02,576.43,
167.44,581.37,0,9.62,0,,0.08,-27.86,,-87.9,0,1.86,,61496.39,71922.74,28.60427,-81.33648,,,,,,,,,,,,0.02,580.88,
168.48,586.06,0,9.62,0,,0.08,-28.72,,-87.9,0,1.87,,61209.2,72452.5,28.60424,-81.34191,,,,,,,,,,,,0.02,585.55,
169.5,590.78,0,9.62,0,,0.08,-29.56,,-87.9,0,1.89,,60917.44,72972.06,28.60421,-81.34723,,,,,,,,,,,,0.02,590.26,
170.52,595.63,0,9.62,0,,0.08,-30.38,,-87.9,0,1.9,,60615.67,73491.58,28.60417,-81.35255,,,,,,,,,,,,0.02,595.1,
171.52,600.49,0,9.62,0,,0.08,-31.17,,-87.9,0,1.91,,60310.11,74000.89,28.60414,-81.35777,,,,,,,,,,,,0.02,599.95,
172.54,605.57,0,9.62,0,,0.08,-31.96,,-87.91,0,1.92,,59988.53,74520.36,28.60411,-81.36309,,,,,,,,,,,,0.02,605.02,
173.54,610.66,0,9.62,0,,0.08,-32.73,,-87.91,0,1.93,,59663.55,75029.62,28.60408,-81.3683,,,,,,,,,,,,0.02,610.1,
174.56,615.96,0,9.62,0,,0.08,-33.49,,-87.91,0,1.95,,59322.17,75549.03,28.60405,-81.37363,,,,,,,,,,,,0.02,615.39,
175.58,621.37,0.01,9.62,0,,0.08,-34.25,,-87.91,0,1.96,,58970.78,76068.42,28.60402,-81.37895,,,,,,,,,,,,0.03,620.78,
176.6,626.89,0.01,9.62,0,,0.08,-34.99,,-87.91,0,1.97,,58609.4,76587.77,28.60399,-81.38427,,,,,,,,,,,,0.03,626.29,
177.6,632.39,0.01,9.62,0,,0.08,-35.7,,-87.91,0,1.98,,58245.39,77096.9,28.60396,-81.38948,,,,,,,,,,,,0.03,631.78,
178.6,637.99,0.01,9.62,0,,0.08,-36.41,,-87.92,0,2,,57871.77,77606.01,28.60393,-81.3947,,,,,,,,,,,,0.03,637.37,
179.62,643.8,0.01,9.62,0,,0.08,-37.11,,-87.92,0,2.01,,57480.78,78125.26,28.60389,-81.40001,,,,,,,,,,,,0.03,643.17,
180.62,649.58,0.01,9.62,0,,0.08,-37.79,,-87.92,0,2.02,,57087.76,78634.29,28.60386,-81.40523,,,,,,,,,,,,0.03,648.94,
181.64,655.57,0.01,9.62,0,,0.08,-38.46,,-87.92,0,2.04,,56676.97,79153.47,28.60383,-81.41055,,,,,,,,,,,,0.04,654.92,
182.64,661.53,0.01,9.61,0,,0.08,-39.12,,-87.92,0,2.05,,56264.54,79662.43,28.6038,-81.41576,,,,,,,,,,,,0.04,660.88,
183.66,667.69,0.01,9.61,0,,0.08,-39.77,,-87.93,0,2.07,,55833.96,80181.52,28.60377,-81.42108,,,,,,,,,,,,0.04,667.03,
184.7,674.06,0.01,9.61,0,,0.08,-40.43,,-87.93,0,2.08,,55384.66,80710.75,28.60374,-81.4265,,,,,,,,,,,,0.04,673.4,
185.72,680.39,0.01,9.61,0,,0.08,-41.06,,-87.93,0,2.1,,54933.9,81229.76,28.60371,-81.43181,,,,,,,,,,,,0.04,679.74,
186.74,686.79,0.01,9.61,0,,0.08,-41.68,,-87.93,0,2.11,,54473.16,81748.72,28.60368,-81.43713,,,,,,,,,,,,0.05,686.15,
187.78,693.4,0.01,9.6,0,,0.08,-42.3,,-87.93,0,2.13,,53993.11,82277.8,28.60364,-81.44255,,,,,,,,,,,,0.05,692.78,
188.8,699.95,0.01,9.6,0,,0.08,-42.89,,-87.94,0,2.14,,53512.2,82796.65,28.60361,-81.44786,,,,,,,,,,,,0.05,699.36,
189.8,706.44,0.01,9.6,0,,0.08,-43.46,,-87.94,0,2.16,,53031.04,83305.28,28.60358,-81.45307,,,,,,,,,,,,0.06,705.88,
190.8,713,0.01,9.6,0,,0.08,-44.03,,-87.94,0,2.17,,52540.29,83813.85,28.60355,-81.45828,,,,,,,,,,,,0.06,712.49,
191.8,719.62,0.01,9.59,0,,0.08,-44.58,,-87.94,0,2.19,,52039.95,84322.36,28.60352,-81.46349,,,,,,,,,,,,0.06,719.17,
192.82,726.44,0.01,9.59,0,,0.08,-45.13,,-87.95,0,2.21,,51519.73,84840.98,28.60349,-81.4688,,,,,,,,,,,,0.07,726.06,
193.84,733.32,0.01,9.58,0,,0.08,-45.68,,-87.95,0,2.23,,50989.54,85359.53,28.60346,-81.47412,,,,,,,,,,,,0.07,733.04,
194.84,740.11,0.01,9.58,0,,0.08,-46.2,,-87.95,0,2.24,,50460.09,85867.83,28.60343,-81.47932,,,,,,,,,,,,0.08,739.95,
195.86,747.1,0.01,9.57,0,,0.08,-46.73,,-87.95,0,2.26,,49910.18,86386.23,28.6034,-81.48463,,,,,,,,,,,,0.08,747.09,
196.88,754.14,0.02,9.57,0,,0.08,-47.24,,-87.95,0,2.28,,49350.33,86904.54,28.60336,-81.48994,,,,,,,,,,,,0.09,754.32,
197.9,761.23,0.02,9.56,0,,0.08,-47.74,,-87.96,0,2.31,,48780.53,87422.77,28.60333,-81.49525,,,,,,,,,,,,0.1,761.63,
198.9,768.23,0.02,9.55,0,,0.08,-48.23,,-87.96,0,2.33,,48212.27,87930.73,28.6033,-81.50045,,,,,,,,,,,,0.1,768.9,
199.92,775.41,0.02,9.54,0,,0.08,-48.72,,-87.96,0,2.35,,47622.81,88448.76,28.60327,-81.50576,,,,,,,,,,,,0.11,776.41,
200.92,782.49,0.02,9.53,0,,0.08,-49.19,,-87.96,0,2.38,,47035.28,88956.52,28.60324,-81.51096,,,,,,,,,,,,0.12,783.88,
201.94,789.75,0.02,9.52,0,,0.08,-49.65,,-87.96,0,2.4,,46426.19,89474.32,28.60321,-81.51627,,,,,,,,,,,,0.13,791.62,
202.98,797.18,0.02,9.51,0,,0.08,-50.12,,-87.97,0,2.43,,45794.98,90002.13,28.60318,-81.52167,,,,,,,,,,,,0.14,799.63,
204,804.51,0.03,9.49,0,,0.08,-50.58,,-87.97,0,2.46,,45165.92,90519.66,28.60314,-81.52697,,,,,,,,,,,,0.15,807.61,
205.04,812.01,0.03,9.48,0,,0.08,-51.03,,-87.97,0,2.48,,44514.38,91047.18,28.60311,-81.53238,,,,,,,,,,,,0.16,815.9,
206.06,819.4,0.03,9.46,0,,0.08,-51.46,,-87.97,0,2.51,,43865.43,91564.38,28.60308,-81.53767,,,,,,,,,,,,0.18,824.18,
207.08,826.8,0.03,9.44,0,,0.08,-51.89,,-87.98,0,2.54,,43206.65,92081.41,28.60305,-81.54297,,,,,,,,,,,,0.19,832.62,
208.08,834.07,0.04,9.42,0,,0.08,-52.31,,-87.98,0,2.57,,42551.27,92588.11,28.60302,-81.54816,,,,,,,,,,,,0.21,841.05,
209.08,841.36,0.04,9.39,0,,0.08,-52.71,,-87.98,0,2.6,,41886.5,93094.61,28.60299,-81.55335,,,,,,,,,,,,0.23,849.66,
210.1,848.79,0.04,9.35,0,,0.08,-53.11,,-87.98,0,2.64,,41198.78,93611.01,28.60295,-81.55864,,,,,,,,,,,,0.25,858.61,
211.1,856.06,0.05,9.3,0,,0.08,-53.51,,-87.98,0,2.67,,40515.11,94117.03,28.60292,-81.56382,,,,,,,,,,,,0.28,867.54,
212.12,863.43,0.06,9.24,0,,0.08,-53.9,,-87.99,0,2.7,,39808.23,94632.88,28.60289,-81.56911,,,,,,,,,,,,0.3,876.79,
213.12,870.61,0.07,9.17,0,,0.08,-54.28,,-87.99,0,2.73,,39105.9,95138.27,28.60286,-81.57428,,,,,,,,,,,,0.33,886.01,
214.12,877.73,0.08,9.09,0,,0.08,-54.65,,-87.99,0,2.76,,38394.45,95643.27,28.60283,-81.57945,,,,,,,,,,,,0.37,895.35,
215.12,884.79,0.09,9,0,,0.08,-55.01,,-87.99,0,2.79,,37673.95,96147.83,28.6028,-81.58462,,,,,,,,,,,,0.41,904.83,
216.16,892.02,0.11,8.89,0,,0.08,-55.39,,-88,0,2.83,,36915.15,96672.04,28.60277,-81.58999,,,,,,,,,,,,0.45,914.81,
217.18,899.01,0.12,8.77,0,,0.08,-55.75,,-88,0,2.86,,36161.65,97185.56,28.60274,-81.59525,,,,,,,,,,,,0.5,924.7,
218.18,905.73,0.14,8.63,0,,0.08,-56.09,,-88,0,2.89,,35414.14,97688.35,28.6027,-81.6004,,,,,,,,,,,,0.55,934.48,
219.2,912.43,0.16,8.48,0,,0.08,-56.44,,-88,0,2.92,,34642.87,98200.42,28.60267,-81.60565,,,,,,,,,,,,0.62,944.5,
220.2,918.83,0.18,8.31,0,,0.08,-56.78,,-88,0,2.95,,33878.25,98701.58,28.60264,-81.61078,,,,,,,,,,,,0.69,954.34,
221.22,925.13,0.21,8.11,0,,0.08,-57.12,,-88,0,2.99,,33089.9,99211.77,28.60261,-81.61601,,,,,,,,,,,,0.77,964.35,
222.26,931.31,0.24,7.89,0,,0.08,-57.46,,-88.01,0,3.02,,32277.55,99730.79,28.60258,-81.62132,,,,,,,,,,,,0.86,974.48,
223.28,937.07,0.27,7.63,0,,0.08,-57.78,,-88.01,0,3.05,,31472.72,100238.51,28.60255,-81.62652,,,,,,,,,,,,0.97,984.29,
224.32,942.59,0.31,7.35,0,,0.08,-58.11,,-88.01,0,3.08,,30644.16,100754.66,28.60252,-81.63181,,,,,,,,,,,,1.1,994.08,
225.32,947.52,0.35,7.04,0,,0.08,-58.42,,-88.01,0,3.1,,29840.25,101249.31,28.60248,-81.63688,,,,,,,,,,,,1.23,1003.2,
226.34,952.09,0.4,6.7,0,,0.08,-58.74,,-88.01,0,3.13,,29013.36,101751.96,28.60245,-81.64203,,,,,,,,,,,,1.39,1012.06,
227.34,956.07,0.46,6.34,0,,0.08,-59.04,,-88.01,0,3.16,,28196.37,102242.66,28.60242,-81.64705,,,,,,,,,,,,1.57,1020.15,
228.36,959.53,0.52,5.96,0,,0.08,-59.35,,-88.01,0,3.18,,27357.11,102740.75,28.60239,-81.65216,,,,,,,,,,,,1.79,1027.66,
229.36,962.26,0.6,5.58,0,,0.08,-59.65,,-88.01,0,3.2,,26529.07,103226.38,28.60236,-81.65713,,,,,,,,,,,,2.02,1034.15,
230.4,964.3,0.68,5.22,0,,0.08,-59.95,,-88.01,0,3.22,,25663.1,103728.23,28.60233,-81.66227,,,,,,,,,,,,2.31,1039.8,
231.42,965.4,0.78,4.96,0,,0.08,-60.25,,-88.01,0,3.24,,24809.83,104216.84,28.6023,-81.66727,,,,,,,,,,,,2.63,1044.06,
232.42,965.48,0.89,4.86,0,,0.08,-60.54,,-88.01,0,3.25,,23970.33,104691.97,28.60227,-81.67214,,,,,,,,,,,,2.99,1046.78,
233.42,964.45,1.01,5.01,0,,0.08,-60.82,,-88.01,0,3.26,,23128.87,105162.74,28.60224,-81.67696,,,,,,,,,,,,3.41,1047.84,
234.44,962.11,1.14,5.49,0,,0.08,-61.11,,-88.01,0,3.27,,22269.67,105637.85,28.60221,-81.68183,,,,,,,,,,,,3.9,1046.96,
235.46,958.3,1.3,6.32,0,,0.08,-61.4,,-88.01,0,3.27,,21410.83,106107.21,28.60218,-81.68664,,,,,,,,,,,,4.47,1043.84,
236.48,952.84,1.47,7.51,0,,0.08,-61.69,,-88.01,0,3.27,,20553.8,106570.09,28.60215,-81.69138,,,,,,,,,,,,5.12,1038.24,
237.52,945.37,1.67,9.05,0,,0.08,-61.98,,-88,0,3.26,,19683.5,107034.54,28.60212,-81.69614,,,,,,,,,,,,5.89,1029.43,
238.54,936.02,1.88,10.83,0,,0.08,-62.26,,-88,0,3.24,,18835.24,107481.83,28.60209,-81.70072,,,,,,,,,,,,6.75,1017.11,
239.56,924.49,2.1,12.81,0,,0.08,-62.55,,-88,0,3.22,,17994.2,107920.01,28.60206,-81.70521,,,,,,,,,,,,7.75,1000.59,
240.58,910.68,2.33,14.92,0,,0.08,-62.84,,-87.99,0,3.17,,17162.46,108348.12,28.60203,-81.70959,,,,,,,,,,,,8.87,979.67,
241.6,894.56,2.57,17.08,0,,0.08,-63.13,,-87.99,0,3.12,,16342.19,108765.17,28.60201,-81.71386,,,,,,,,,,,,10.15,954.52,
242.64,875.8,2.8,19.23,0,,0.08,-63.43,,-87.98,0,3.04,,15519.87,109178.02,28.60198,-81.71809,,,,,,,,,,,,11.61,925.12,
243.64,855.68,3,21.15,0,,0.08,-63.72,,-87.97,0,2.96,,14744.6,109562.32,28.60195,-81.72203,,,,,,,,,,,,13.16,894.39,
244.68,832.8,3.19,22.97,0,,0.08,-64.03,,-87.96,0,2.86,,13956.33,109948.01,28.60192,-81.72598,,,,,,,,,,,,14.94,861.44,
245.72,808.13,3.37,24.59,0,,0.08,-64.34,,-87.95,0,2.75,,13188.28,110318.73,28.6019,-81.72978,,,,,,,,,,,,16.87,828.33,
246.74,782.44,3.51,25.94,0,,0.08,-64.65,,-87.94,0,2.64,,12456.24,110667.2,28.60187,-81.73335,,,,,,,,,,,,18.91,796.17,
247.78,754.98,3.63,27.05,0,,0.08,-64.98,,-87.93,0,2.53,,11732.92,111006.64,28.60185,-81.73682,,,,,,,,,,,,21.14,763.94,
248.82,726.57,3.71,27.86,0,,0.08,-65.31,,-87.91,0,2.41,,11034.05,111329.73,28.60182,-81.74013,,,,,,,,,,,,23.5,732.42,
249.86,697.51,3.77,28.37,0,,0.08,-65.66,,-87.9,0,2.29,,10360.49,111636.34,28.6018,-81.74327,,,,,,,,,,,,25.99,701.62,
250.9,668.13,3.8,28.59,0,,0.08,-66.01,,-87.89,0,2.18,,9712.83,111926.45,28.60178,-81.74624,,,,,,,,,,,,28.58,671.46,
251.94,638.71,3.79,28.53,0,,0.08,-66.37,,-87.87,0,2.06,,9091.36,112200.19,28.60176,-81.74905,,,,,,,,,,,,31.27,641.82,
252.96,610.1,3.76,28.2,0,,0.08,-66.74,,-87.86,0,1.96,,8507.31,112453.03,28.60174,-81.75164,,,,,,,,,,,,33.98,613.16,
253.96,582.71,3.68,27.36,0,,0.08,-67.12,,-87.84,0,1.85,,7958.91,112686.26,28.60172,-81.75403,,,,,,,,,,,,36.7,585.68,
255,555.47,3.55,26.05,0,,0.08,-67.52,,-87.83,0,1.75,,7413.19,112914.03,28.6017,-81.75636,,,,,,,,,,,,39.58,558.28,
256.04,529.75,3.4,24.54,0,,0.08,-67.93,,-87.82,0,1.66,,6891.35,113127.53,28.60168,-81.75855,,,,,,,,,,,,42.5,532.39,
257.04,506.53,3.25,23.07,0,,0.08,-68.34,,-87.81,0,1.58,,6410.81,113320.14,28.60166,-81.76052,,,,,,,,,,,,45.35,509.01,
258.04,484.68,3.12,21.78,0,,0.08,-68.75,,-87.8,0,1.5,,5949.83,113501.08,28.60164,-81.76237,,,,,,,,,,,,48.22,487.02,
259.08,463.07,3.02,20.79,0,,0.08,-69.2,,-87.78,0,1.43,,5490.07,113677.56,28.60163,-81.76418,,,,,,,,,,,,51.24,465.31,
260.12,442.08,3,20.53,0,,0.08,-69.66,,-87.77,0,1.36,,5049.57,113842.68,28.60161,-81.76587,,,,,,,,,,,,54.27,444.33,
261.14,419.73,3.27,23.13,0,,0.08,-70.12,,-87.75,0,1.28,,4636.78,113993.66,28.6016,-81.76742,,,,,,,,,,,,57.24,422.3,
262.18,393.29,3.64,26.67,0,,0.08,-70.61,,-87.73,0,1.2,,4238.55,114135.61,28.60158,-81.76887,,,,,,,,,,,,60.23,396.24,
263.22,365.06,3.69,27.1,0,,0.08,-71.12,,-87.72,0,1.11,,3866.3,114264.67,28.60157,-81.77019,,,,,,,,,,,,63.15,367.98,
264.24,341.72,3,20.42,0,,0.08,-71.64,,-87.7,0,1.03,,3525.63,114379.36,28.60156,-81.77137,,,,,,,,,,,,65.92,343.8,
265.26,327.44,2.14,12.1,0,,0.08,-72.18,,-87.68,0,0.98,,3201.98,114484.98,28.60154,-81.77245,,,,,,,,,,,,68.65,328.64,
266.28,318.99,1.68,7.69,0,,0.08,-72.72,,-87.66,0,0.95,,2888.05,114584.17,28.60153,-81.77347,,,,,,,,,,,,71.38,319.73,
267.28,313.59,1.45,5.6,0,,0.08,-73.24,,-87.64,0,0.93,,2585.8,114676.58,28.60152,-81.77441,,,,,,,,,,,,74.1,314.1,
268.28,309.67,1.33,4.56,0,,0.08,-73.76,,-87.62,0,0.92,,2287.11,114764.96,28.60151,-81.77532,,,,,,,,,,,,76.88,310.05,
269.28,306.51,1.27,4.03,0,,0.08,-74.27,,-87.6,0,0.91,,1990.99,114849.7,28.6015,-81.77619,,,,,,,,,,,,79.71,306.84,
270.32,303.62,1.24,3.76,0,,0.08,-74.78,,-87.58,0,0.9,,1685.26,114934.26,28.60149,-81.77705,,,,,,,,,,,,82.74,303.91,
271.36,300.88,1.23,3.61,0,,0.08,-75.29,,-87.55,0,0.89,,1381.61,115015.34,28.60148,-81.77788,,,,,,,,,,,,85.83,301.17,
272.38,298.33,1.22,3.47,0,,0.08,-75.77,,-87.53,0,0.88,,1085.72,115091.62,28.60147,-81.77866,,,,,,,,,,,,88.95,298.6,
273.38,295.93,1.21,3.34,0,,0.08,-76.23,,-87.5,0,0.87,,797.43,115163.43,28.60146,-81.7794,,,,,,,,,,,,92.08,296.19,
274.42,293.55,1.2,3.22,0,,0.08,-76.7,,-87.47,0,0.86,,499.43,115235.08,28.60145,-81.78013,,,,,,,,,,,,95.41,293.79,
275.44,291.29,1.2,3.11,0,,0.08,-77.15,,-87.43,0,0.85,,208.92,115302.49,28.60144,-81.78082,,,,,,,,,,,,98.76,294.13,
