TIME;ALT;LAT;LON;MASS;DYNPRESS;BEARING;HEADING;VERTSPEED;GROUNDSPEED;ANGMOMX;ANGMOMY;ANGMOMZ;ANGVELX;ANGVELY;ANGVELZ;MACH;TEMP_K;AIRDENS;PRESS_PA;THRUST;ACCX;ACCY;ACCZ;SENSORSPRES;SENSORSTEMP;GRAVX;GRAVY;GRAVZ;MACH_FERRAM;CL_FERRAM;CD_FERRAM;Q_FERRAM;REFAREA_FERRAM;AOA_FERRAM;AOS_FERRAM;AEROFORCE_X_FERRAM;AEROFORCE_Y_FERRAM;AEROFORCE_Z_FERRAM
00:00:00;97.5347258355469;28.6083908081055;-80.5997467041016;0.22746542096138;6.37397105980829E-12;90.0014419555664;3.89001525036292E-06;0.742676505126411;0.127023425642316;0.000780403264798224;1.68868646142073E-05;0.00243724975734949;-0.000529058394022286;0.00147928588557988;0.000296909303870052;0.00827008135904665;282.250549316406;1.23624204648867;100163.139343262;26.1464605331421;1.6534544183387;0.887296689871212;0.130510058154337;100.194969177246;290.494521986869;-8.30546913107307;-4.70199249899215;-2.31124648755211;3.0345295560554E-06;0;0;6.45501436742594E-10;0.114174230530213;-0.371265534567648;10.1466648340993;0;0;0
00:00:01;156.887645225972;28.6083908081055;-80.5998687744141;0.2133499532938;0.0588558115012245;90.2359619140625;9.7250381259073E-07;110.214855307462;22.5051291551612;0.000496356864459813;-0.00472017144784331;0.0197470355778933;-0.0663831606507301;-0.0215410776436329;-0.00428846431896091;0.340559891410679;282.093292236328;1.22827118962063;99461.8759155273;26.1622734069824;95.1791834358508;50.1322297826119;2.08017325478408;99.5171813964844;290.49541563884;-8.30531923775052;-4.70190484283235;-2.31118609359448;0.292586934468059;0.000152897637775721;0.00275080270251965;5.71120507001296;0.114174230530213;-0.00171886573413755;-0.0134925494109931;-0.00149107095785439;-0.000980413635261357;-0.000478734436910599
00:00:02;335.699133300222;28.6083889007568;-80.6002578735352;0.199234500527382;0.273402333838528;90.333984375;0;225.9802698997;49.2153618003559;0.000569281110074371;-0.00452081160619855;0.0148356910794973;-0.0640500634908676;-0.0236259773373604;-0.00341683183796704;0.694327170539738;281.595031738281;1.20463010287129;97375.1907348633;26.2090559005737;100.907059068378;52.9499328175554;1.01544721383121;97.4560012817383;290.50603895606;-8.30486891802344;-4.7016406667872;-2.31099993895783;0.637244507655679;0.000220239408040451;0.0104141230248774;27.1382776089312;0.114174230530213;0.00257309346934787;-0.00326906490053381;-0.0279216300696135;-0.0160893741995096;-0.00295599433593452
00:00:03;639.232917095535;28.6083850860596;-80.6009521484375;0.185119032859802;0.642196113551329;90.4040222167969;0;343.517576432924;77.6795036186124;0.00117865519132465;-0.00213611521758139;0.0101173901930451;-0.0313166715204716;-0.00945658050477505;-0.00156851217616349;1.05493215528027;280.667449951172;1.16573431364189;93920.6848144531;26.2785339355469;99.4255391861055;51.9327492266282;-0.0575268906237906;94.0250701904297;290.533425214216;-8.30410590156316;-4.70119213937399;-2.31067951700161;0.994308814738717;0.000160401314233929;0.0636710275503715;64.269836685765;0.114174230530213;0.00245307323839459;-0.00261025596837098;-0.411989033222198;-0.220015853643417;-0.0136712845414877
00:00:04;1056.53073945921;28.608377456665;-80.6019287109375;0.171003565192223;1.04133886524196;90.4659805297852;4.86251838083263E-06;441.182184349135;102.509876299647;2.37563326663803E-05;0.00426458939909935;0.00820866506546736;0.0553124248981476;0.0345900654792786;-0.000532597186975181;1.35797557842533;279.232757568359;1.11464366595348;89345.3674316406;26.354868888855;84.2264165464097;43.7897727818144;-1.02504970175664;89.4660568237305;290.757910124229;-8.30305836058103;-4.70057544025901;-2.31023482970699;1.29800443627099;0.000132285838588852;0.0871037797775483;104.68936916037;0.114174230530213;0.00218020001046467;-0.00213993820472585;-0.919854462146759;-0.487340569496155;-0.0204707179218531
00:00:05;1580.53868947551;28.6083679199219;-80.6031951904297;0.156888112425804;1.52614900242306;90.5396118164063;-1.94500739780779E-06;545.400288093226;129.506333178345;-0.000509791541844606;0.00642666127532721;0.00678465142846107;0.0857226178050041;0.049518059939146;-0.000340404425514862;1.68549273297793;277.188781738281;1.05408110365463;83872.444152832;26.4236450195313;89.5759023917436;46.3990470380234;-1.49852374835382;84.0076751708984;291.356688668891;-8.30174454617227;-4.6998009921152;-2.30967228132394;1.62161693686132;0.000116586623835232;0.14447256946288;153.678232353216;0.114174230530213;0.00195822845057262;-0.00201083599832948;-2.24352097511292;-1.17975068092346;-0.0285737421363592
00:00:06;2212.22040582448;28.6083545684814;-80.6047439575195;0.142772644758224;2.01106674984038;90.6243286132813;0;643.294972252642;155.551475991987;-0.00082884292351082;0.00665343506261706;0.0057549593038857;0.0900595709681511;0.051048718392849;-0.000451059429906309;1.99854079025391;274.402008056641;0.985914713661261;77659.797668457;26.4747123718262;82.8734921937386;42.7063010164807;-2.00480604188239;77.8047103881836;292.41074537217;-8.30016255941781;-4.69886734783472;-2.30899005330233;1.93428107975284;9.84464672973506E-05;0.186210608008414;202.887336519832;0.114174230530213;0.00238128538216283;-0.00188780629869374;-3.82128429412842;-2.00085210800171;-0.0260893441736698
00:00:08;3518.82309863344;28.6083221435547;-80.6080322265625;0.0889317467808723;1.34087533917929;90.6657409667969;9.72503130469704E-07;546.313221826545;136.838384275224;-0.00113120558671653;0.00431605661287904;0.0031218423973769;0.0765776261687279;0.0448274724185467;-0.001078519388102;1.71320613182851;267.712646484375;0.859474664350876;66049.8123168945;0;-58.0183470778357;-30.6060374143184;-2.1458066411856;66.1578750610352;295.441011559208;-8.29689539219907;-4.6969362749806;-2.30756805294339;1.71282389949766;1.59959430427055E-05;0.211366891425776;136.635355827486;0.0566098411718687;-0.000220293532887976;-0.000445494492498234;-1.45039188861847;-0.754507482051849;0.00390940252691507
00:00:09;4065.58119123243;28.6083068847656;-80.6094512939453;0.0889317467808723;1.01203972060364;90.6588668823242;-6.80752145854058E-06;488.634717543852;124.989365289952;-0.0015165947843343;0.00211965688504279;0.00344860251061618;0.0363166928291321;0.0244856756180525;-0.00112796167377383;1.54359802903829;264.621978759766;0.811555318324617;61647.2434997559;0;-45.5607763391681;-24.0836067619931;-1.98095909929292;61.7401885986328;296.744539077564;-8.29553046400137;-4.69612848212889;-2.30696745853273;1.54036658634937;2.33164609916785E-05;0.177726596637001;103.059395009106;0.0566098411718687;-0.000391990388644558;-0.000656729421349967;-0.92032927274704;-0.477595567703247;0.0069924253039062
00:00:10;4557.44797340408;28.6082935333252;-80.6107559204102;0.0889317467808723;0.785815295069925;90.653678894043;-4.86251428810647E-06;441.688391849428;115.627195637207;-0.00183386541903019;0.00113321852404624;0.0037992587313056;0.0180781371891499;0.0156496427953243;-0.00113449327182025;1.40522375473994;261.732116699219;0.770618451548907;57898.3306884766;0;-37.7106208301569;-19.9736222445212;-1.86754380977593;57.979549407959;297.743023901147;-8.2943040144878;-4.69540193942769;-2.30642319873211;1.40065800305928;1.46159433025075E-05;0.144261842061412;79.988920884902;0.0566098411718687;-0.00052224970212682;-0.000902079600572349;-0.580123901367188;-0.300216674804688;0.00762740196660161
00:00:11;5002.90686212294;28.6082820892334;-80.6119613647461;0.0889317467808723;0.61656085721036;90.6499633789063;9.72502789409191E-07;399.716209160584;107.332226425417;-0.00214200443588197;0.000648167449980974;0.0042245127260685;0.00892727728933096;0.0116545585915446;-0.00115648692008108;1.28022113584805;259.044799804688;0.735171683190932;54668.0107116699;0;-35.5538563611251;-18.8263454127707;-1.7033994179834;54.7394981384277;298.464069462383;-8.2931946993711;-4.69474406043997;-2.30592622797085;1.27687050578907;1.32064614187278E-05;0.117672606807178;62.7673955661709;0.0566098411718687;-0.000696049751936768;-0.00118674401350916;-0.37153160572052;-0.191685661673546;0.00712286215275526
00:00:12;5403.81215252262;28.6082706451416;-80.6130752563477;0.0889317467808723;0.475687220675864;90.6479797363281;-2.91750802716706E-06;357.651437472839;98.7724407899697;-0.00249832333065569;0.000394898699596524;0.00477627199143171;0.00391463981941342;0.0100172962993383;-0.00122808502055705;1.15300962790731;256.583435058594;0.704494862358655;51889.0914916992;0;-35.5035008099185;-18.7690921353061;-1.4829054383854;51.9518394470215;298.94475025535;-8.29219772875269;-4.69415206195211;-2.30547481618319;1.15124978942314;1.15358586188554E-05;0.0964793380850883;48.4414209791063;0.0566098411718687;-0.000932716129785074;-0.00161151088928475;-0.235237449407578;-0.120943881571293;0.00608768872916698
00:00:13;5761.94112224691;28.6082611083984;-80.6141052246094;0.0889317467808723;0.367788396702069;90.6477737426758;3.89001070288941E-06;320.370306476882;91.28942502873;-0.00289489747956395;0.000255323655437678;0.00543105695396662;0.000905256427358836;0.00958774425089359;-0.00133368477690965;1.04002975659531;254.36067199707;0.678011278483093;49505.8479309082;0;-28.94877379852;-15.352963427209;-1.49860956256701;49.5613136291504;299.213140103313;-8.29130851870042;-4.69362328159837;-2.30506730913565;1.03642264540158;1.68905343406336E-05;0.0867460358429446;37.4327114600503;0.0566098411718687;-0.00119946692921181;-0.00212941944659246;-0.163526833057404;-0.0837843269109726;0.00555502390488982
00:00:14;6086.66639230587;28.6082515716553;-80.6150741577148;0.0889317467808723;0.299965984002546;90.6488037109375;2.91750734504603E-06;294.533581870744;86.8639429154605;-0.00326384115032852;0.000172933810972609;0.00604770192876458;-0.00103418726939708;0.00964615028351545;-0.00144077930599451;0.963033550883675;252.333114624023;0.654707353013904;47423.225402832;0;-19.0508685821569;-10.2330245733039;-1.78360177884959;47.4734802246094;299.302886263677;-8.29050365456719;-4.69314385158993;-2.30469336385374;0.956356370873624;1.66621318872947E-05;0.0847047811910054;30.4958888195381;0.0566098411718687;-0.00146804575475831;-0.00258147654272182;-0.130139634013176;-0.0664516314864159;0.00572574837133288
00:00:15;6388.31081643701;28.6082420349121;-80.6159973144531;0.0889317467808723;0.255158471441752;90.6508483886719;-9.72502448348678E-07;275.632922475565;84.3481560801007;-0.00361332087777555;0.000120762451842893;0.00663700513541698;-0.0024029016494751;0.00995214749127626;-0.00154810189269483;0.907562896446486;250.445175170898;0.633635190122405;45553.4820556641;0;-14.7160900592047;-7.99385336465831;-1.92550220026111;45.5997619628906;299.256542534368;-8.28975744230045;-4.69269851221063;-2.30434134938879;0.89998028173823;1.5435592081241E-05;0.0786917897336383;25.928177445332;0.0566098411718687;-0.00171674432757294;-0.0030447094026549;-0.102836199104786;-0.0522965006530285;0.00562511337921023
00:00:16;6671.42594401725;28.6082324981689;-80.6169052124023;0.0889317467808723;0.220006572137237;90.6536560058594;9.7250233466184E-07;259.125684953673;82.4728589001276;-0.00398002518340945;8.45406466396526E-05;0.00726938573643565;-0.00350922136567533;0.0104637918993831;-0.00166324432939291;0.85927176885378;248.673965454102;0.614340088943725;43853.9581298828;0;-13.2467770063371;-7.2317956141884;-1.95132052720399;43.8968238830566;299.110116164183;-8.28905855032844;-4.69228053088917;-2.30400612313029;0.851746905194069;1.34653960654854E-05;0.0705503268613429;22.3532996527189;0.0566098411718687;-0.00199554686332195;-0.00355237288521363;-0.0795181542634964;-0.0402486510574818;0.00526240887120366
00:00:17;6937.7939675115;28.6082248687744;-80.617790222168;0.0889317467808723;0.190767180140349;90.6570434570313;-9.7250233466184E-07;243.949717724162;80.9464703150454;-0.00437727198004723;5.92161777603906E-05;0.00796326901763678;-0.00445876084268093;0.0111589338630438;-0.0017934552161023;0.814924875847806;247.012084960938;0.596596169626201;42302.7191162109;0;-12.1919281581281;-6.6853289572832;-1.97320183449077;42.3425483703613;298.887166689356;-8.28840252582143;-4.6918872662127;-2.30368569579211;0.807555947748596;3.38771354459343E-06;0.0610634349449723;19.3807661744777;0.0566098411718687;-0.00232096239700489;-0.00412774753860746;-0.0596985369920731;-0.0300478283315897;0.00469486135989428
00:00:19;7188.64622066449;28.6082153320313;-80.6186599731445;0.0889317467808723;0.166073655774349;90.6610488891602;3.89000842915266E-06;229.789068028973;79.6917149331696;-0.00481770187616348;4.09627718909178E-05;0.00873279850929976;-0.00533254025503993;0.012022060342133;-0.00194623449351639;0.773583801886189;245.454284667969;0.580235551907026;40883.171081543;0;-11.3822935613154;-6.26665212423044;-1.99488544117548;40.9202690124512;298.606154598299;-8.28778629076042;-4.69151689147937;-2.30337868842258;0.766461631148267;2.91856897742922E-07;0.0516797800901386;16.8709862970861;0.0566098411718687;-0.00267210953457031;-0.00482450395918698;-0.044000543653965;-0.0220042709261179;0.00403381092473865
00:00:20;7424.92762051336;28.6082057952881;-80.619514465332;0.0889317467808723;0.144976821457382;90.6654052734375;0;216.412206334473;78.6512418459623;-0.00530641851946712;2.85540136246709E-05;0.00959713011980057;-0.00616454053670168;0.0130648473277688;-0.00211994466371834;0.734569183001623;243.996170043945;0.565124626050432;39581.9206237793;0;-10.7539893538973;-5.94249418910099;-2.01561747423003;39.6165390014648;298.291376643017;-8.28720748406337;-4.69116800389119;-2.30308403410055;0.727813835639893;-3.62756442660382E-06;0.0425089242653118;14.7272094558774;0.0566098411718687;-0.00314753347347632;-0.0056120484526404;-0.0316083319485188;-0.015686048194766;0.00333266868256032
00:00:21;7647.37145580444;28.6081981658936;-80.6203689575195;0.0889317467808723;0.126764625909718;90.67041015625;-9.72502107288165E-07;203.647427022373;77.7786347494132;-0.00584078393876553;1.93330597539898E-05;0.0105363419279456;-0.00699208304286003;0.0142389358952641;-0.00231773173436522;0.697384024702815;242.633834838867;0.551155466752485;38387.9661560059;0;-10.2614428997701;-5.68857427428854;-2.03020040981768;38.4203147888184;297.960840356865;-8.28666427361351;-4.69083951398333;-2.30280089919823;0.69107927082942;-0.000133592287074821;0.0340960419149131;12.8768879243352;0.0566098411718687;-0.00382655762320142;-0.0068985836261101;-0.0221610758453608;-0.0108816772699356;0.00287966267205775
00:00:22;7856.55315958429;28.6081886291504;-80.621208190918;0.0889317467808723;0.110911466700822;90.6758117675781;1.94500375982898E-06;191.36439556099;77.038869815115;-0.00645869597792625;1.32884215418017E-05;0.0116419615224004;-0.0078747570514679;0.015661496669054;-0.00254532136023045;0.661662916858916;241.363800048828;0.538239548241269;37292.1447753906;0;-9.87310730372521;-5.48843127389984;-2.04569806476819;37.3223876953125;297.624101385382;-8.28615522042022;-4.69053056562603;-2.3025286303693;0.655862500547584;-0.000209893338419481;0.0259322014082875;11.2664605541234;0.0566098411718687;-0.00452368673571249;-0.00815811237487737;-0.0147537747398019;-0.00713208457455039;0.00224670115858316
00:00:23;8052.92517350242;28.6081809997559;-80.6220397949219;0.0889317467808723;0.0970218818868605;90.6814880371094;-9.72501879914489E-07;179.4604306649;76.4104555842244;-0.00716238096356392;8.98818689165637E-06;0.0129044111818075;-0.0088344756513834;0.0173092018812895;-0.00280777481384575;0.627137443526588;240.183364868164;0.526302126649349;36286.7164611816;0;-9.56535304793358;-5.33086352448267;-2.06302142950949;36.3150100708008;297.2866939444;-8.28567919405391;-4.69024048534853;-2.30226670502223;0.621872065614664;-0.000214822463280321;0.019094231853302;9.85565621862172;0.0566098411718687;-0.00525994352820237;-0.00946447861684773;-0.00950893573462963;-0.00451745511963964;0.00164050795137882
00:00:24;8236.84457829222;28.6081714630127;-80.6228637695313;0.0889317467808723;0.0847905377691642;90.6873092651367;-3.89000706491061E-06;167.856862863305;75.8726068992135;-0.00796584691852331;6.14444024904515E-06;0.014351082034409;-0.00989504996687174;0.0192154813557863;-0.00310972076840699;0.5936056279206;239.097152709961;0.515265941820782;35365.1466369629;0;-9.32061544890393;-5.20583837889921;-2.0783717768577;35.3916091918945;296.95190947557;-8.28523530342984;-4.68996874079647;-2.3020147028999;0.588888164886365;-0.000227818564330568;0.0129771439981377;8.61338403319598;0.0566098411718687;-0.00616393391034231;-0.011088236890034;-0.00565820932388306;-0.00261434004642069;0.00110040046274662
00:00:25;8408.59484155662;28.6081638336182;-80.6236877441406;0.0889317467808723;0.0739826772618404;90.6934814453125;1.9450035324553E-06;156.49264606044;75.4069307403454;-0.0088912770152092;4.14695568906609E-06;0.0160060953348875;-0.0110880751162767;0.0214097518473864;-0.00346592022106051;0.560936350257315;238.102447509766;0.50508059496213;34521.858215332;0;-9.12534824276815;-5.10595246696786;-2.08966240811655;34.5465888977051;296.621953824126;-8.28482284086265;-4.68971490874002;-2.3017722876253;0.556764737926871;-0.00034064117733742;0.00833194462919096;7.51574246860613;0.0566098411718687;-0.00734775027631677;-0.0132321217613773;-0.00316766835749149;-0.00138944899663329;0.000789391284342855
00:00:26;8568.40221517533;28.608154296875;-80.6245040893555;0.0889317467808723;0.064413665252331;90.6998825073242;-3.89000706491061E-06;145.319842019232;74.9980944585628;-0.0099668400362134;3.07818208966637E-06;0.017943037673831;-0.0124580450356007;0.0239868145436049;-0.00387786678038538;0.529051939975114;237.193740844727;0.495709050896423;33752.0141601563;0;-8.969410579099;-5.02626158183138;-2.09910831098131;33.7751007080078;296.298396784974;-8.28444124039005;-4.68947865070204;-2.30153919150822;0.525411973823257;-0.000395889559346606;0.00481626570925453;6.54394347218365;0.0566098411718687;-0.00878653314108504;-0.0158220300267719;-0.00159849575720727;-0.000631336530204862;0.000502905750181526
00:00:27;8716.44686499238;28.6081466674805;-80.6253128051758;0.0889317467808723;0.055935568070551;90.7065124511719;-2.91750438918825E-06;134.299769045413;74.6353936281093;-0.0112225562334061;2.15416139326408E-06;0.0202001817524433;-0.0140496324747801;0.0269935764372349;-0.00436153076589108;0.497918130863439;236.366241455078;0.487118899254571;33051.4144897461;0;-8.84457780321658;-4.96254202108483;-2.10670858673291;33.072925567627;295.982398001269;-8.28409005086399;-4.68925969671543;-2.30131519962868;0.494785547983969;-0.000479903821626736;0.00287170064884377;5.6829351885386;0.0566098411718687;-0.0105932907914752;-0.0190693432335153;-0.000822452653665096;-0.000263915746472776;0.000372657756088302
00:00:28;8852.87275033537;28.6081371307373;-80.6261215209961;0.0889317467808723;0.0484286196813074;90.713264465332;3.89000570066855E-06;123.402683780067;74.3087326344567;-0.0126956105232239;1.47672506045637E-06;0.0228474047034979;-0.0159090738743544;0.0305236782878637;-0.00493054930120707;0.467541770462921;235.615753173828;0.479281533525668;32416.389465332;0;-8.74410158302898;-4.91107166489963;-2.11171824186928;32.4363784790039;295.674837460021;-8.28376891113366;-4.68905783055451;-2.30110013983914;0.464883521269064;-0.000620084798289884;0.00236949508286914;4.92053419475699;0.0566098411718687;-0.0128530929433669;-0.0231264708738271;-0.00056577887153253;-0.000142373755807057;0.000382515951059759
00:00:29;8977.7961250646;28.6081275939941;-80.6269226074219;0.0889317467808723;0.0417956681298425;90.7201538085938;-9.72501425167138E-07;112.606693440643;74.0106240180389;-0.0144350901246071;1.07462017240323E-06;0.0259659457951784;-0.018094839528203;0.0346867628395557;-0.00560746854171157;0.437975736994927;234.938598632813;0.472171441528756;31843.713760376;0;-8.66063246077944;-4.86820405526061;-2.11536841512664;31.8622188568115;295.376392442394;-8.28347752858068;-4.68887287725465;-2.30089387414107;0.43574951664751;-0.000743225196985038;0.00237539534209488;4.24685870166292;0.0566098411718687;-0.0157359522976883;-0.0283141568204273;-0.000463530013803393;-9.82534111244604E-05;0.000407574349083006
00:00:30;9091.31374334265;28.6081199645996;-80.6277236938477;0.0889317467808723;0.0359579993989189;90.7272872924805;-8.75251225807006E-06;101.89699721977;73.7362610826489;-0.0164837893098593;5.04099489262444E-07;0.0296509005129337;-0.0206755176186562;0.0396036058664322;-0.00639819866046309;0.409322955501163;234.331527709961;0.465765928254868;31330.5530548096;0;-8.58902616056273;-4.8313689594838;-2.1179349808556;31.3476066589355;295.087581773039;-8.28321565913845;-4.68870469094477;-2.30069628801352;0.407478643996917;-0.000928530625177767;0.00239662985868428;3.65390060542294;0.0566098411718687;-0.0193643053696193;-0.0348609675095355;-0.000367543194442987;-5.33390484633856E-05;0.000441370735643432
00:00:31;9193.50792251062;28.6081104278564;-80.6285247802734;0.0889317467808723;0.0308494956552652;90.7344665527344;1.94500239558693E-06;91.2618181644492;73.4819768654476;-0.0189069174230099;3.94715044649274E-07;0.0340040288865566;-0.0237160567194223;0.0454172194004059;-0.00733940582722425;0.381730603662942;233.791687011719;0.460044712291198;30874.4144439697;0;-8.52705494831405;-4.79941702063912;-2.11969286412097;30.8900203704834;294.808789135371;-8.28298309482913;-4.68855314737755;-2.3005072842216;0.380210602190607;-0.00116211811832457;0.00240291903791191;3.13494305451673;0.0566098411718687;-0.0240609061985657;-0.0432844270017386;-0.000272243109066039;-8.40353823150508E-06;0.00047035445459187
00:00:32;9284.449206057;28.6081008911133;-80.6293258666992;0.0889317467808723;0.0264142774204101;90.7417602539063;-1.94500239558693E-06;80.6917896411024;73.2446152507636;-0.0217573996633291;3.06234539948491E-07;0.0391287729144096;-0.0272935796529055;0.0522611252963543;-0.00844521541148424;0.355397065943419;233.31657409668;0.454989790223858;30473.1159210205;0;-8.4728504990005;-4.77140765773643;-2.12084941746422;30.4872589111328;294.540273252841;-8.28277965707598;-4.6884181399863;-2.30032678003447;0.354135499742826;-0.00144893581954667;0.0024181111352998;2.6843048932749;0.0566098411718687;-0.0300152976959772;-0.053973606882185;-0.000180651128175668;3.44771033269353E-05;0.000494194333441556
00:00:33;9364.19841741491;28.6080932617188;-80.6301193237305;0.0889317467808723;0.0226051458297674;90.7492065429688;2.91750325231988E-06;70.1793254323124;73.0218431395821;-0.0250842142850161;6.52878640039489E-08;0.0451100841164589;-0.0314711518585682;0.0602480694651604;-0.00973411090672016;0.330582122255317;232.903991699219;0.450585262060397;30124.755859375;0;-8.42484398724761;-4.74658450976217;-2.12168412455029;30.1374053955078;294.282168418299;-8.28260519157847;-4.68829957683187;-2.30015470498358;0.329503485318914;-0.00180240753607153;0.00243468355243871;2.29718701578204;0.0566098411718687;-0.0374866855161125;-0.0674418970779296;-8.96020428626798E-05;7.66907978686504E-05;0.000512201047968119
00:00:34;9432.80830050632;28.6080837249756;-80.6309051513672;0.0889317467808723;0.0193823906142264;90.756721496582;4.8625047384121E-06;59.7180147814958;72.8123585038977;-0.0289063174277544;4.92331615475905E-08;0.0519843809306622;-0.0362670905888081;0.0694289728999138;-0.011216651648283;0.307617865655671;232.552062988281;0.446817091042523;29827.6882171631;0;-8.38200949523365;-4.72450317714241;-2.12302748373735;29.8387851715088;294.034476934883;-8.2824595642299;-4.6881973781878;-2.29999099898326;0.306635468470257;-0.0022600554229744;0.00245320595732373;1.96955372371229;0.0566098411718687;-0.0466664322302938;-0.0839172816100253;1.81182713276939E-06;0.000121530596516095;0.000523687631357461
00:00:35;9490.32464836072;28.6080741882324;-80.6316986083984;0.0889317467808723;0.0167129045890155;90.7643432617188;9.7250085673295E-07;49.3019075784441;72.6160516907637;-0.0331847034394741;3.13513588423575E-08;0.0596732161939144;-0.0416342653334141;0.0796981379389763;-0.0128781571984291;0.286917457562689;232.259170532227;0.443673442380441;29580.5282592773;0;-8.34387591354023;-4.70514644220719;-2.12598094201495;29.5899848937988;293.797054403481;-8.2823426584112;-4.68811147488487;-2.29983561064922;0.285932078605274;-0.00277957571073449;0.00247383325310413;1.69803760747797;0.0566098411718687;-0.0570805473362216;-0.102675460622115;9.41802427405491E-05;0.000163877732120454;0.000523209222592413
00:00:37;9536.78686414193;28.6080646514893;-80.6324844360352;0.0889317467808723;0.014569485800017;90.7720642089844;1.9450017134659E-06;38.9240904216959;72.4342992543286;-0.03773308172822;-2.71282459607392E-07;0.0678529888391495;-0.0473451465368271;0.090621329843998;-0.0146384285762906;0.268975639492801;232.024002075195;0.441143935398599;29382.10105896;0;-8.31115238306491;-4.68910384580603;-2.13213348707933;29.3898124694824;293.569588847891;-8.28225437382932;-4.68804180742347;-2.29968849591533;0.267875497723851;-0.00336632532969394;0.00251563043011662;1.47987169204063;0.0566098411718687;-0.0681225485833884;-0.122499536091052;0.000183847107109614;0.000205057935090736;0.000508365628775209
00:00:38;9572.22795964964;28.6080551147461;-80.6332702636719;0.0889317467808723;0.012930363507164;90.7798385620117;-5.83500377615565E-06;28.5758465160771;72.2691316702148;-0.0422283336520195;-2.37100024946812E-07;0.0759338438510895;-0.052984282374382;0.101414166390896;-0.0163836888968945;0.254351260740974;231.845458984375;0.439220653291075;29231.4910888672;0;-8.2855508321273;-4.67742762004268;-2.14237180586053;29.2373218536377;293.351573515715;-8.28219462677754;-4.68798832600301;-2.29954961701837;0.25301476108621;-0.00395231494661711;0.00252044747676293;1.31284073390674;0.0566098411718687;-0.078430786578653;-0.141082035442744;0.000272534089162946;0.000242372087086551;0.00047374187852256
00:00:39;9596.67402221635;28.6080455780029;-80.6340560913086;0.0889317467808723;0.0117788497034576;90.7876663208008;4.86250337417005E-06;18.245397302182;72.1220423579664;-0.0461297072470188;-1.36731927113942E-07;0.0829502046108246;-0.0578783303499222;0.110785149037838;-0.0178990438580513;0.243620038094667;231.722732543945;0.437897039393178;29127.9735565186;0;-8.26985007041791;-4.67147639302569;-2.15626532610844;29.1317939758301;293.142275307534;-8.28216335171626;-4.68795099126503;-2.29941894222339;0.241922973264173;-0.00443657983919275;0.00256771724700709;1.19524429577678;0.0566098411718687;-0.0858699107731994;-0.154403189797262;0.000347304187016562;0.000271014228928834;0.000420838710851967
00:00:40;9610.14351598546;28.6080360412598;-80.6348342895508;0.0889317467808723;0.011103118705015;90.7956237792969;0;7.91892305223767;71.991513778782;-0.0487890616059303;-3.45320898986756E-07;0.0877359360456467;-0.0612169280648232;0.117176383733749;-0.0189268384128809;0.237291858873976;231.655258178711;0.437168812300873;29071.06590271;0;-8.26602651142431;-4.67187858763512;-2.17064337586588;29.0727653503418;292.940725486506;-8.28216050305547;-4.68792977532562;-2.29929644640418;0.235119476523261;-0.00471062515621945;0.00255867283933102;1.12587433217068;0.0566098411718687;-0.0881420651999373;-0.1585307071806;0.000405787868658081;0.000288839946733788;0.000348583766026422
00:00:41;9612.64760045055;28.6080265045166;-80.635612487793;0.0889317467808723;0.0108959178240792;90.8035583496094;2.9175012059568E-06;-2.41560792998099;71.871144193859;-0.0496440529823303;-5.29689600625716E-07;0.089265801012516;-0.0622908473014832;0.119219712913036;-0.0192546397447586;0.235705235978452;231.642730712891;0.43703351601659;29060.4972839355;0;-8.27271336255532;-4.67686901349087;-2.18012242061386;29.0600128173828;292.745721598575;-8.28218605395595;-4.68792466131988;-2.29918211210948;0.232966403429958;-0.00467667777370038;0.00256550189225344;1.10398817074478;0.0566098411718687;-0.0843505121716136;-0.151646571645252;0.000438394432421774;0.000292712880764157;0.000269486219622195
00:00:42;9604.19257436506;28.6080169677734;-80.6363906860352;0.0889317467808723;0.0111541277195438;90.8116760253906;0;-12.7631293070953;71.7505937349149;-0.0484610311686993;-5.48443949810462E-07;0.0871497243642807;-0.0608061850070953;0.116393603384495;-0.0187957938760519;0.238937182619531;231.68505859375;0.437490454742984;29096.1971282959;0;-8.28378221963714;-4.68273654877975;-2.18005460619437;29.0935363769531;292.55586139131;-8.28223998942916;-4.68793563985335;-2.2990759297061;0.235574802568915;-0.0043348811275067;0.00256252952904215;1.12926226402314;0.0566098411718687;-0.0754878661855773;-0.135763783836424;0.000445375713752583;0.000284285430097952;0.000194427717360668
00:00:43;9584.78429777455;28.6080074310303;-80.6371688842773;0.0889317467808723;0.0118781899203021;90.8197631835938;0;-23.1187533158529;71.6196991887481;-0.0455111414194107;-7.77661796291795E-07;0.0818413123488426;-0.0571053139865398;0.109304703772068;-0.0176455844193697;0.246774548433998;231.782379150391;0.438540468439372;29178.2817840576;0;-8.29110116049328;-4.68486989497656;-2.16984867272326;29.1735229492188;292.369604529469;-8.28232229458991;-4.68796270246068;-2.29897789524044;0.242767183690287;-0.00381094699947436;0.00256712386988904;1.20173497141065;0.0566098411718687;-0.0641446611023995;-0.115361359376031;0.000434493384091184;0.000270469259703532;0.00013498539919965
00:00:44;9554.43276432715;28.6079978942871;-80.6379470825195;0.0889317467808723;0.0130715152707519;90.8279037475586;-3.89000115319504E-06;-33.4705961969012;71.4724484572068;-0.0413789674639702;-9.50196067606157E-07;0.074420727789402;-0.051919799298048;0.0993946343660355;-0.0160410683602095;0.25876447873857;231.935012817383;0.440185695409243;29307.0335388184;0;-8.28902637996501;-4.68103682479305;-2.15274885641152;29.3002948760986;292.185371051112;-8.28243294294009;-4.68800583495708;-2.29888800644243;0.25411848526823;-0.00321300269538108;0.00253848706306247;1.32174615291945;0.0566098411718687;-0.0527123091856411;-0.0948032156807395;0.000413486501201987;0.000255340652074665;9.32342954911292E-05
00:00:45;9513.15477637574;28.6079883575439;-80.6387176513672;0.0889317467808723;0.0147401142930898;90.8360900878906;9.72500060925086E-07;-43.8051447075861;71.3076743101895;-0.0367505326867104;-1.03429545106337E-06;0.0660991743206978;-0.0461116321384907;0.0882813334465027;-0.0142441308125854;0.274315942508628;232.143463134766;0.442429409027635;29482.8910827637;0;-8.27646488271567;-4.67125359398017;-2.13278265993405;29.474308013916;292.001646862345;-8.28257188991246;-4.6880650134591;-2.29880625912709;0.269053039628355;-0.00263546878053408;0.00252277357025244;1.48990135390153;0.0566098411718687;-0.0425744406444134;-0.0765906225425695;0.000391388515708968;0.000243369373492897;7.2249720687978E-05
00:00:46;9460.9744178392;28.6079788208008;-80.6394882202148;0.0889317467808723;0.0168924665364854;90.8442687988281;9.72500060925086E-07;-54.1111825948387;71.1269116632397;-0.0321537405252457;-1.14953888896707E-06;0.0578273870050907;-0.0403428338468075;0.0772353261709213;-0.012456058524549;0.292803603701297;232.408386230469;0.445275873681511;29706.4380645752;0;-8.25520026308975;-4.65674131349531;-2.11234389027424;29.6961536407471;291.817019306569;-8.28273907196939;-4.68814020365101;-2.29873264573954;0.286949663038204;-0.00216369651621186;0.00250673123405192;1.70705414741855;0.0566098411718687;-0.0342062764163916;-0.0615203594387901;0.000375975389033556;0.000239623230299912;6.66089763399214E-05
00:00:47;9397.92250964697;28.607967376709;-80.6402587890625;0.0889317467808723;0.0195394840953362;90.8524780273438;0;-64.3805566227123;70.9319847124518;-0.0278953816741705;-1.08671031284757E-06;0.0501767061650753;-0.0349992886185646;0.0670169219374657;-0.0108081288635731;0.313640697418139;232.730651855469;0.448730616296039;29978.4317016602;0;-8.22775591068856;-4.63910893958114;-2.09168591090783;29.9665508270264;291.630216896061;-8.28293440802127;-4.68823136163259;-2.29866715560978;0.307218563040695;-0.00172930722949956;0.00248849261810739;1.97430599044264;0.0566098411718687;-0.0275570012459657;-0.0496012634999784;0.000362458260497078;0.000238303749938495;7.72413768572733E-05
00:00:48;9324.03603064921;28.6079578399658;-80.6410217285156;0.0889317467808723;0.0226945020399865;90.8606643676758;6.80749917592038E-06;-74.6069334372769;70.7239806549705;-0.0241372417658567;-1.20539687031851E-06;0.0434296019375324;-0.0302822552621365;0.0580059140920639;-0.00935388263314962;0.336314737448523;233.111297607422;0.452800116860362;30299.7798919678;0;-8.1953184170648;-4.61865240960724;-2.07044289412089;30.2863903045654;291.44023790403;-8.2831578007911;-4.68833843471871;-2.29860977594499;0.329341043907545;-0.0013908873172548;0.00247093738165926;2.29300296505677;0.0566098411718687;-0.0225214021097288;-0.0405378431167786;0.000355996453436092;0.00024497538106516;9.90684420685284E-05
00:00:49;9239.35810626764;28.6079483032227;-80.6417846679688;0.0889317467808723;0.0263731352126309;90.8688659667969;-1.94499966710282E-06;-84.784941114261;70.5025958811644;-0.0209061671048403;-8.49844582262449E-07;0.0376076959073544;-0.0262301564216614;0.0502294301986694;-0.00810068100690842;0.360395744590522;233.551528930664;0.457491859970687;30671.5488433838;0;-8.15878534601601;-4.59576150636484;-2.04744405959831;30.6567115783691;291.246454774789;-8.28340913664536;-4.68846136149401;-2.29856049244024;0.352880274728608;-0.00113729729575252;0.00245906165423967;2.664723845722;0.0566098411718687;-0.018484993504706;-0.0332853012862815;0.000360885838745162;0.000259884254774079;0.000128177242004313
00:00:50;9143.93838571105;28.6079368591309;-80.6425476074219;0.0889317467808723;0.0305931427490835;90.8770141601563;0;-94.9088193599043;70.2666788741077;-0.0181566681712866;-6.95778965109639E-07;0.0326730534434319;-0.0227816756814718;0.0436367653310299;-0.00704232743009925;0.385529568313584;234.052749633789;0.462814399676485;31094.9764251709;0;-8.11791855782654;-4.57022475114125;-2.02179177098804;31.0787296295166;291.048879800136;-8.28368828443798;-4.68860007127012;-2.29851928957775;0.377476312294078;-0.000914994496880935;0.00243879072131586;3.09126330352195;0.0566098411718687;-0.01524944470883;-0.0274681820960892;0.000369026238331571;0.000277861428912729;0.000167220467119478
00:00:51;9037.8338227123;28.6079273223877;-80.643310546875;0.0889317467808723;0.0353741345198378;90.8851318359375;-9.72499606177735E-07;-104.97201158057;70.0143365716926;-0.0158430673182011;-8.72856958267221E-07;0.0285034291446209;-0.0198754221200943;0.0380710326135159;-0.00613722810521722;0.411425390016967;234.616546630859;0.46877704567985;31571.4550018311;0;-8.07205448117677;-4.54149877672856;-1.99278589840434;31.5538177490234;290.847660200489;-8.28399509338263;-4.68875448289271;-2.29848615046977;0.402834113683375;-0.000756103064472646;0.00242935860305141;3.5746050004619;0.0566098411718687;-0.0126843033900854;-0.0228179183872924;0.000389577704481781;0.000304630520986393;0.000210341415368021
00:00:52;8921.10979663394;28.6079177856445;-80.6440658569336;0.0889317467808723;0.0407372193766508;90.8932495117188;9.72499378804059E-07;-114.96666078981;69.7433696259729;-0.0138887818902731;-1.19416586130683E-06;0.0249897539615631;-0.0174189284443855;0.0333812311291695;-0.00537524791434407;0.437842406273603;235.244689941406;0.47538988017255;32102.5390625;0;-8.0201152175895;-4.50894805754934;-1.95994713069098;32.0835113525391;290.642866023555;-8.28432939007124;-4.68892450311959;-2.29846105619268;0.428710411246695;-0.000658882640942238;0.00241538122572219;4.11688595628371;0.0566098411718687;-0.010650938856381;-0.0191408534504709;0.000426107493694872;0.000340172322466969;0.000248610158450902
00:00:54;8793.84143767785;28.6079063415527;-80.6448211669922;0.0889317467808723;0.0467045855194271;90.9013671875;2.91749779535166E-06;-124.883634543117;69.4510419746554;-0.0122488625347614;-1.42319470342045E-06;0.0220425724983215;-0.0153580866754055;0.0294469986110926;-0.00473747681826353;0.464577936052968;235.939071655273;0.482663493125934;32689.9261474609;0;-7.96153261624536;-4.47213043914392;-1.92212057703592;32.6695022583008;290.434851492401;-8.28469097499637;-4.68911002466827;-2.29844398490137;0.454901939486468;-0.000496014825784931;0.00239618009858017;4.72035322091609;0.0566098411718687;-0.00892947019242101;-0.0160842636108353;0.000437832030002028;0.000370160152669996;0.000323813990689814
00:00:55;8656.11477649864;28.6078968048096;-80.6455688476563;0.0889317467808723;0.0532989881140463;90.9094314575195;4.86249609821243E-06;-134.712263076127;69.1342312387383;-0.0108527131378651;-1.5041345022837E-06;0.0195349864661694;-0.0136050302535295;0.0260983593761921;-0.00419735629111528;0.491457420283499;236.701812744141;0.490608936169749;33335.4759216309;0;-7.89465777107535;-4.43009658319073;-1.87908487809345;33.3136367797852;290.226798223098;-8.28507961926361;-4.6893109245343;-2.2984349119893;0.481235597469089;-0.000400241752197692;0.00244646740615824;5.38731098024212;0.0566098411718687;-0.00757652993244625;-0.0136423475032337;0.000482625910080969;0.000420101277995855;0.000404151243856177
00:00:56;8508.02930787578;28.6078853607178;-80.6463165283203;0.0889317467808723;0.0605419442319601;90.9174499511719;-9.72499265117222E-07;-144.438170082714;68.7895975629065;-0.00967349670827389;-1.79423602730822E-06;0.0174130983650684;-0.0121209714561701;0.0232674553990364;-0.00373579794541001;0.518320760734514;237.535140991211;0.499237454864947;34041.1834716797;0;-7.81562841053629;-4.38072930068243;-1.82931672864721;34.0178909301758;290.014403103249;-8.28549505795599;-4.68952706023712;-2.29843380802893;0.507555777686843;-0.000371944384893229;0.00340625672439043;6.11994663001727;0.0566098411718687;-0.00649762642281356;-0.0117207164217735;0.000768122030422091;0.00062147929565981;0.000658539705909789
00:00:57;8349.70289315283;28.6078758239746;-80.6470642089844;0.0889317467808723;0.0684509785713164;90.9253540039063;1.94499830286077E-06;-154.042167144417;68.4121648547587;-0.00867103599011898;-1.56958037678123E-06;0.0156057691201568;-0.0108649926260114;0.0208527036011219;-0.00334720266982913;0.545011422873482;238.44140625;0.508559865439602;34809.1468811035;0;-7.72219772048802;-4.32205639150712;-1.76990840831359;34.7843704223633;289.798348351348;-8.28593697697087;-4.68975826254257;-2.29844063680493;0.533712092828063;-0.000316806774478568;0.00545227661403154;6.92004116965278;0.0566098411718687;-0.0056061404056811;-0.0100893934104955;0.00138882163446397;0.0010565472766757;0.00123793352395296
00:00:58;8181.27543861419;28.6078643798828;-80.6478042602539;0.0889317467808723;0.077039390486606;90.9332275390625;9.72498924056708E-07;-163.502457915519;67.9950772187727;-0.00780821079388261;-1.23531788176479E-06;0.0140640567988157;-0.0097880307585001;0.0187887623906136;-0.00302385073155165;0.571378608015986;239.423034667969;0.518586428408838;35641.5596008301;0;-7.61247972375373;-4.25319251849275;-1.69894280722667;35.6152534484863;289.581002480483;-8.28640500252275;-4.69000433021139;-2.29845535557838;0.559561319523185;-0.000222175497159493;0.00833973329729063;7.78895338540033;0.0566098411718687;-0.00485177052134802;-0.00871748669792889;0.00240705348551273;0.00175346154719591;0.00216128118336201
00:00:59;8002.91215712484;28.6078548431396;-80.6485366821289;0.0889317467808723;0.0863151616011617;90.9410705566406;2.91749665848329E-06;-172.793169426689;67.5338241171034;-0.00706787407398224;-1.34814649754844E-06;0.0127264391630888;-0.00885610561817884;0.0170047488063574;-0.00273157889023423;0.597275115332096;240.482528686523;0.529326134256235;36540.6684875488;0;-7.48198624994745;-4.17188525630405;-1.61884142859133;36.5127906799316;289.36348048525;-8.28689869263723;-4.69026502504356;-2.29847791298454;0.584965585367106;-0.000217460960466738;0.0121404165603558;8.72750389387585;0.0566098411718687;-0.0042318849952358;-0.00760595677554711;0.00403600931167603;0.0028267411980778;0.00342348730191588
00:01:00;7814.80743885878;28.6078433990479;-80.6492614746094;0.0889317467808723;0.0962818337666203;90.9488525390625;-1.94499739336607E-06;-181.88596220263;67.0233853460604;-0.00642512086778879;-8.95255880095647E-07;0.0115742795169353;-0.00805632583796978;0.0154610881581903;-0.00249056192114949;0.622563615445185;241.616317749023;0.540800374923436;37508.7738037109;0;-7.32990094677344;-4.0774936987263;-1.52723735683603;37.4792709350586;289.146629627124;-8.28741752784853;-4.69054006619827;-2.29850824326395;0.609797859657554;-0.000210929865767696;0.0164321949232487;9.73605277350082;0.0566098411718687;-0.00374908808667637;-0.00674337691427093;0.00622515985742211;0.00424755271524191;0.00502575095742941
00:01:01;7617.18659930956;28.6078338623047;-80.6499862670898;0.0889317467808723;0.10693754910978;90.9566650390625;9.72498696683033E-07;-190.751201658133;66.455870901063;-0.00587459001690149;-1.06422180579102E-06;0.010578784160316;-0.00736178131774068;0.014134407043457;-0.00227179261855781;0.647113180720803;242.818023681641;0.553036786222273;38548.2406616211;0;-7.15648540355166;-3.96938857962469;-1.4206621284954;38.5170593261719;288.931340782354;-8.28796090572009;-4.69082912752614;-2.29854626830346;0.633939536691676;-0.000101052809919435;0.0209927070408876;10.8144379880748;0.0566098411718687;-0.00320051642322065;-0.00577280135782044;0.00891594402492046;0.00600095978006721;0.00705219572409987
00:01:02;7410.30738315731;28.6078224182129;-80.6507034301758;0.0889317467808723;0.11827090269752;90.9639892578125;-9.72498696683033E-07;-199.357057241046;65.8242581656056;-0.00539611466228962;-1.40504118917306E-06;0.00972001161426306;-0.00675641419366002;0.0129904067143798;-0.00208408571779728;0.670789845076008;244.086090087891;0.566051369913284;39661.4418029785;0;-6.9581684928119;-3.84634390621068;-1.30200357011098;39.628532409668;288.718510918276;-8.28852813577505;-4.69113183579545;-2.29859189953428;0.657270661883688;-5.59823900612032E-06;0.0260544588478923;11.9615092254609;0.0566098411718687;-0.00278541651167316;-0.00492789019515552;0.0123663069680333;0.00823179446160793;0.00952580664306879
00:01:03;7194.46304286364;28.6078128814697;-80.6514129638672;0.0889317467808723;0.130261801626829;90.971435546875;1.94499693861871E-06;-207.668853875499;65.1267931216766;-0.00496949115768075;-1.78522589067143E-06;0.00895946566015482;-0.00621652556583285;0.0119767989963293;-0.00191973394248635;0.693464190635286;245.418273925781;0.57986010700034;40850.7232666016;0;-6.7319460794429;-3.70737860630864;-1.17494913011605;40.8160285949707;288.509023769851;-8.28911843346262;-4.69144776564793;-2.29864502932486;0.679676812014392;1.2840852020498E-06;0.0309205652150832;13.1752526471391;0.0566098411718687;-0.00246756154373111;-0.00441630635657637;0.0164034236222506;0.0107817267999053;0.012114311568439
00:01:04;6969.98372255731;28.6078014373779;-80.6521148681641;0.0889317467808723;0.142880931168469;90.978759765625;-2.91749506686756E-06;-215.652223218924;64.3603986325951;-0.00459702173247933;-1.8502412331145E-06;0.0082846051082015;-0.00574692897498608;0.011077324859798;-0.00177140429150313;0.71501295758321;246.811721801758;0.594478015799127;42118.335723877;0;-6.47959039549639;-3.55300752492806;-1.03683639392319;42.0818023681641;288.303731221344;-8.28973091752796;-4.69177643736166;-2.29870552651618;0.701050423395489;-4.66355856163123E-07;0.0360400069476205;14.4527215065748;0.0566098411718687;-0.00221864442059245;-0.00397368141571364;0.0212439391762018;0.0138152819126844;0.0150849912315607
00:01:05;6737.23558156099;28.6077919006348;-80.6528091430664;0.0889317467808723;0.156070958220238;90.9859848022461;-3.88999342249008E-06;-223.273699030783;63.5221267772618;-0.00426688371226192;-1.50121809383563E-06;0.00769794126972556;-0.0053392075933516;0.0102888680994511;-0.00165237521287054;0.735322327401761;248.262817382813;0.609919883778784;43466.4421081543;0;-6.20161312652874;-3.38367474252529;-0.889065124706271;43.4280128479004;288.103445757551;-8.29036461146211;-4.692117318339;-2.29877323921455;0.721249218812893;6.0011199934711E-06;0.0406853722169224;15.7881820057307;0.0566098411718687;-0.00200504238541148;-0.00361239717472642;0.0264784581959248;0.0170729532837868;0.0181661248207092
00:01:06;6496.61917338893;28.607780456543;-80.6534957885742;0.0889317467808723;0.169763522133464;90.9930953979492;-3.88999251299538E-06;-230.502058193666;62.6101738449239;-0.00397682003676891;-1.5127121741898E-06;0.00717305159196258;-0.00497420411556959;0.0095887677744031;-0.00153774849604815;0.754292357012325;249.767242431641;0.62619957618971;44897.0565795898;0;-5.8997612523078;-3.20056828011763;-0.733284195319276;44.8566818237305;287.909007681702;-8.29101844806999;-4.69246982537768;-2.29884799448098;0.740146862549484;7.70274981089369E-06;0.0452172031809751;17.1746811711643;0.0566098411718687;-0.00182490906928327;-0.00324355695372503;0.0323176570236683;0.0206836611032486;0.0214675609022379
00:01:07;6248.56665521394;28.6077709197998;-80.654167175293;0.0889317467808723;0.183891533485283;91.0000610351563;1.94499602912401E-06;-237.309000384882;61.624004364685;-0.00371864647604525;-1.58108855430328E-06;0.00670588482171297;-0.00464837532490492;0.00896623916924;-0.00143521442078054;0.771838528851204;251.320007324219;0.643330100965094;46412.0292663574;0;-5.57618433916061;-3.00516652830468;-0.571336483701466;46.3696594238281;287.721306180985;-8.29169127717993;-4.69283332869977;-2.29892959842317;0.757657977531847;9.10579764165942E-06;0.0494103728957291;18.6054383325869;0.0566098411718687;-0.00168594385963651;-0.00296256432989255;0.0385821536183357;0.024531289935112;0.0248676873743534
00:01:08;5993.53824910056;28.607759475708;-80.6548309326172;0.0889317467808723;0.198380645842292;91.0070114135742;-3.88999205824803E-06;-243.669994639538;60.564330512117;-0.00348751968704164;-1.9203901047149E-06;0.0062935734167695;-0.00435372116044164;0.00841804314404726;-0.00134509196504951;0.787893855373605;252.915390014648;0.661323782607656;48013.0195617676;0;-5.23384603463282;-2.79924574441787;-0.405220067682508;47.9686088562012;287.541236243778;-8.29238187533893;-4.69320715705612;-2.29901783674743;0.773713855703373;1.02426244167678E-05;0.0532169974926256;20.0729290461045;0.0566098411718687;-0.00153950469131853;-0.00272853425930746;0.0451704785227776;0.0285576749593019;0.0283100176602602
00:01:09;5732.01778812893;28.6077499389648;-80.6554794311523;0.0889317467808723;0.213151423568618;91.013786315918;-4.86248973174952E-06;-249.565068605396;59.4331591432844;-0.00327991647645831;-2.51181882049423E-06;0.00592269562184811;-0.00408445484936237;0.00792781915515661;-0.00126118992920965;0.802410553172191;254.54704284668;0.68019210155931;49701.473236084;0;-4.87614031517844;-2.58503443422498;-0.237245557483376;49.6549835205078;287.369667508652;-8.29308895784684;-4.6935906042316;-2.29911247603412;0.788264528375858;6.14499943990536E-06;0.0567449525147507;21.569117479039;0.0566098411718687;-0.00142669672165726;-0.00252260347198092;0.0521164014935493;0.0327763818204403;0.0317941531538963
00:01:10;5464.50754200481;28.6077404022217;-80.656120300293;0.0889317467808723;0.228121930631829;91.0205078125;-9.72497900875169E-07;-254.979437986703;58.2336671705736;-0.00309327873401344;-1.74998024249362E-06;0.00559341954067349;-0.00386356143280864;0.00747910654172301;-0.00120081414934248;0.815361114654518;256.208068847656;0.699946811121376;51478.687286377;0;-4.50711709314365;-2.36493102569859;-0.0695265297491087;51.4300765991211;287.207422014215;-8.2938111927415;-4.69398293655424;-2.29921326541153;0.80127984682811;6.86208217242707E-06;0.0597076732036378;23.0856956011279;0.0566098411718687;-0.00133566915138334;-0.00234657789926284;0.0590552724897861;0.0369716659188271;0.0351430810987949
00:01:12;5191.52248576842;28.6077308654785;-80.65673828125;0.0889317467808723;0.243210057825059;91.0271530151367;-3.88999069400597E-06;-259.903862785819;56.9702019853574;-0.00292891729623079;-1.23710492516693E-06;0.00529283471405506;-0.00366406259126961;0.00707398448139429;-0.0011383299715817;0.826738697240517;257.891052246094;0.720599492247502;53345.7527160644;0;-4.13088924438252;-2.14151145941299;0.0955468981814857;53.2949905395508;287.055256874956;-8.29454721611335;-4.69438340131187;-2.299319938936;0.812749773186934;1.22349915525275E-05;0.0621365382096034;24.6143546727415;0.0566098411718687;-0.00122377550743978;-0.00215533843869809;0.0658926442265511;0.0410819351673126;0.0383102223277092
00:01:13;4913.58432430867;28.6077213287354;-80.6573486328125;0.0889317467808723;0.258336013449754;91.0338745117188;-1.94499511962931E-06;-264.334811056491;55.6481514663055;-0.00278124585747719;-4.8570780109003E-07;0.00502259796485305;-0.00348937185481191;0.00670701125636697;-0.00108455051667988;0.836556715060073;259.588134765625;0.74216142350463;55303.5278320312;0;-3.75183985413619;-1.91737739887499;0.255947737038738;55.2505798339844;286.914615440162;-8.29529564816457;-4.6947912354056;-2.29943221806934;0.822684552835936;7.90402428613756E-06;0.0644014852668807;26.1469907255714;0.0566098411718687;-0.00115081329561097;-0.00205070864503213;0.0729331076145172;0.0452927052974701;0.041438914835453
00:01:14;4631.2154398961;28.6077117919922;-80.6579513549805;0.0889317467808723;0.273424758999957;91.0401306152344;2.91749256575713E-06;-268.274412543324;54.2735725658246;-0.0026414894964546;-5.32644492068357E-07;0.00477926572784781;-0.00331517122685909;0.0063804080709815;-0.0010361245367676;0.844847535413887;261.291198730469;0.764645121357839;57352.7603149414;0;-3.37423933265398;-1.69504383214819;0.409796908787638;57.2975921630859;286.78920706956;-8.29605510925095;-4.69520567428406;-2.2995498147277;0.831112892486874;1.28471999736799E-05;0.0660761819330168;27.6759947402627;0.0566098411718687;-0.00108591545111941;-0.00189056167804822;0.0795771852135658;0.0492505580186844;0.0442724265158176
00:01:15;4344.93306622468;28.607702255249;-80.6585311889648;0.0889317467808723;0.288408534686843;91.0467147827148;-8.75247587828198E-06;-271.730078765617;52.8533221890976;-0.00251885829493403;-1.11053043383436E-06;0.00455530779436231;-0.00315113714896142;0.00608780840411782;-0.000981332268565893;0.851660747460241;262.991882324219;0.788065194732646;59494.1291809082;0;-3.0019612028128;-1.47691767678844;0.555283069085487;59.436710357666;286.680972974464;-8.29682423532729;-4.6956259604981;-2.29967243436277;0.838080928607634;8.55769148178837E-06;0.0676042946728236;29.1944875620065;0.0566098411718687;-0.00102125095614026;-0.00180099882147796;0.0862761065363884;0.0532173626124859;0.04699881747365
00:01:16;4055.24393326882;28.6076927185059;-80.6590957641602;0.0889317467808723;0.303227633285521;91.0530395507813;2.9174918836361E-06;-274.714057130845;51.3946230391724;-0.00240823160856962;-8.93810124580341E-07;0.00435279728844762;-0.00301479268819094;0.00581618770956993;-0.000937832053750753;0.857060846291638;264.681671142578;0.812437087897204;61728.1455993652;0;-2.63868988063948;-1.26506512671505;0.691130114567552;61.6684455871582;286.590194950012;-8.29760169221359;-4.69605135146028;-2.29979977882249;0.843649733074626;8.75602007277151E-06;0.0687194912279813;30.6963906123169;0.0566098411718687;-0.000974241712263052;-0.00169422990379847;0.0925944000482559;0.0569402538239956;0.0494496636092663
00:01:17;3762.63945384044;28.6076831817627;-80.6596450805664;0.0889317467808723;0.317831212026712;91.0593872070313;9.7249733244098E-07;-277.242812562862;49.9048917889329;-0.00230548717081547;-6.12668031862995E-07;0.00416344124823809;-0.00288910651579499;0.00556179042905569;-0.000897096877451986;0.861124489035819;266.352081298828;0.837776750981639;64055.1452636719;0;-2.28760258686929;-1.06129058621648;0.816353882937529;63.9931411743164;286.516312764871;-8.29838618819933;-4.69648112659215;-2.2999315494249;0.847892598046119;8.89857803890589E-06;0.0695511505398019;32.1765567109577;0.0566098411718687;-0.000927711882299256;-0.00160808360090974;0.0986156612634659;0.0604696162045002;0.0516681037843227
00:01:18;3467.59164368268;28.6076755523682;-80.6601791381836;0.0889317467808723;0.332178920169013;91.0655822753906;-9.72497105067305E-07;-279.336299997121;48.3915629789965;-0.002209183992818;-7.86810005592997E-07;0.00399151630699635;-0.00276570813730359;0.00533354561775923;-0.000859462656080723;0.86393785483007;267.99462890625;0.86410389749628;66475.5096435547;0;-1.95130642596083;-0.867056947485135;0.930269591353544;66.4111709594727;286.45830406047;-8.29917648474234;-4.6969145933268;-2.30006744968752;0.850892609955267;1.31740514479533E-05;0.0700624262526263;33.6308652258423;0.0566098411718687;-0.000890395658196166;-0.00153138185632841;0.104197956621647;0.0637290477752686;0.053620271384716
00:01:19;3170.54983532522;28.607666015625;-80.6606903076172;0.0889317467808723;0.346240773265209;91.0720138549805;-3.88998842026922E-06;-281.017191149399;46.8619035187634;-0.00213079201057553;-1.96872588276165E-06;0.00382116762921214;-0.00264024222269654;0.00512555195018649;-0.000797631219029427;0.865593619354075;269.601013183594;0.891440769859073;68989.6011352539;0;-1.63173123373357;-0.683626534755555;1.03240254552203;68.9229049682617;286.414881961798;-8.29997140493352;-4.69735109204657;-2.30020718793564;0.852739938353201;9.3368272251062E-06;0.0704756829684537;35.0562446197961;0.0566098411718687;-0.000854845292708795;-0.00148796446485347;0.109635733067989;0.0668821260333061;0.0554029829800129
00:01:20;2871.93821028434;28.6076583862305;-80.6611938476563;0.0889317467808723;0.359995524372039;91.0777206420898;-5.8349828577775E-06;-282.310079309145;45.3229877598661;-0.00203323713503778;-2.5833946892817E-06;0.00361915002577007;-0.00250042229890823;0.00486910389736295;-0.000735120731405914;0.866188490523467;271.163146972656;0.919810928469919;71597.6638793945;0;-1.33050235385638;-0.51126763056316;1.12279362754424;71.5285873413086;286.384610281536;-8.30076984007175;-4.69778999947708;-2.30035047919081;0.853528472079171;8.68497515577368E-06;0.0706176878132451;36.4505519370593;0.0566098411718687;-0.000895378436276275;-0.00133377963524433;0.11459369212389;0.0697415769100189;0.0569166839122772
00:01:21;2572.15410581138;28.6076507568359;-80.6616744995117;0.0889317467808723;0.373431945125748;91.0842514038086;-9.72497036855202E-06;-283.240819940683;43.7816342798357;-0.00196223682723939;-1.2325307352512E-06;0.00355660170316696;-0.00245097745209932;0.00475452933460474;-0.000767508521676064;0.865820250646276;272.673156738281;0.949242708912762;74300.0793457031;0;-1.04821700663525;-0.351194281423813;1.20137373649154;74.2285919189453;286.365976215303;-8.30157075374489;-4.69823073161339;-2.30049704688628;0.853354353543617;1.30385890749931E-05;0.0705301040866772;37.8126023850046;0.0566098411718687;-0.000783889063341549;-0.00137559369983919;0.119082435965538;0.0723126009106636;0.058184202760458
00:01:22;2271.56728238426;28.6076431274414;-80.6621398925781;0.0889317467808723;0.386545317922876;91.0904541015625;-9.72496877693629E-07;-283.835719055465;42.2438159291606;-0.00189046654850245;-1.16052240173303E-06;0.00342833972536027;-0.00236227991990745;0.00458229286596179;-0.000741030089557171;0.864586166649133;274.123626708984;0.979763994019749;77097.0153808594;0;-0.785492399687694;-0.203109742972799;1.26868837289428;77.0230941772461;286.35743787725;-8.3023731837797;-4.69867274439661;-2.3006466242805;0.852312806897464;9.36761118736247E-06;0.0703656613165646;39.1419353617771;0.0566098411718687;-0.000759106959657569;-0.00129027584504836;0.123341239988804;0.0747364386916161;0.0592762939631939
00:01:23;1970.51890618727;28.6076354980469;-80.6625900268555;0.0889317467808723;0.399198547184202;91.0966415405273;-5.8349810387881E-06;-284.123172503449;40.7155108290203;-0.00182507932186127;-2.03226773010101E-06;0.00330809387378395;-0.00226518139243126;0.0044309520162642;-0.000707197410520166;0.862587615313425;275.50732421875;1.01140458986966;79988.525390625;0;-0.54560828283652;-0.0688345996154633;1.3238327754827;79.9121551513672;286.357476639128;-8.30317624459517;-4.69911553555855;-2.30079895579451;0.850349264836696;9.36114585552072E-06;0.0699801433038528;40.4251951641834;0.0566098411718687;-0.000733693801355997;-0.00123905046846494;0.127030551433563;0.0768177285790443;0.0600955151021481
00:01:24;1669.31510307733;28.6076278686523;-80.6630249023438;0.0889317467808723;0.411245100500023;91.1027145385742;-3.88998705602717E-06;-284.1408679982;39.2033927448466;-0.00176231563091278;-2.65211588157399E-06;0.00319747533649206;-0.00217684544622898;0.00428864127025008;-0.000680093944538385;0.859951580293987;276.817535400391;1.0441926685668;82974.3499755859;0;-0.335498354291606;0.0474699667098662;1.36409025913236;82.8955154418945;286.364855611319;-8.30397914427794;-4.69955865401509;-2.30095380115203;0.847411076734223;1.26523559310042E-05;0.0693756223778897;41.6469010772935;0.0566098411718687;-0.000710589333705597;-0.00119254658938062;0.130066007375717;0.0785071030259132;0.0606150068342686
00:01:25;1368.22142212931;28.6076202392578;-80.663444519043;0.0889317467808723;0.42277692184665;91.1090698242188;-2.91748983727302E-06;-283.925698998309;37.7134004844242;-0.00170218991115689;-3.38313861902861E-06;0.00308923586271703;-0.00208931928500533;0.00415125815197825;-0.000651414040476084;0.856799305405742;278.047973632813;1.07815922765897;86054.2373657226;0;-0.152100317943722;0.147739509415589;1.39161015222887;85.9729232788086;286.378739159777;-8.30478119913761;-4.70000170807922;-2.30111093915191;0.84369228035926;1.25632704942585E-05;0.0686395348484358;42.8162484319408;0.0566098411718687;-0.000677144741721179;-0.00117534844902252;0.132621079683304;0.0799059495329857;0.0608938969671726
00:01:26;1067.46720517054;28.6076145172119;-80.6638412475586;0.0889317467808723;0.433891195192011;91.1153564453125;1.94499330063991E-06;-283.509146862246;36.2501709483282;-0.00164582580327988;-1.80526910753542E-06;0.00299038831144571;-0.00204531126655638;0.004003063775599;-0.000643210601992905;0.8532332743138;279.192779541016;1.113340023903;89228.0960083008;0;0.00866155945293848;0.234458446413885;1.40871481350341;89.144287109375;286.400196427867;-8.30558182185826;-4.70044435908893;-2.30127016638698;0.839369040773624;1.23853292889512E-05;0.0677697586825884;43.9431022478557;0.0566098411718687;-0.000673827145334925;-0.00113357242488263;0.134696647524834;0.0810193568468094;0.0609596371650696
00:01:27;767.25137838535;28.6076068878174;-80.6642303466797;0.0889317467808723;0.444684715565734;91.1223754882813;2.91748938252567E-06;-282.91718687723;34.8170835143074;-0.00162408361211419;-1.03075421975518E-06;0.00286193285137415;-0.00200481130741537;0.00384934199973941;-0.000572338351048529;0.849337386299468;280.246459960938;1.14977610067333;92496.0174560547;0;0.150744529024971;0.310389498203001;1.41772725874719;92.4096908569336;286.433302103175;-8.3063805058551;-4.70088631301662;-2.3014312950428;0.834596633764479;9.92883522416488E-06;0.0668040329413924;45.0372775829118;0.0566098411718687;-0.000607504764098187;-0.00107091177583745;0.136386930942535;0.0819011777639389;0.0608479790389538
00:01:29;467.748233264312;28.6076011657715;-80.6645965576172;0.0889317467808723;0.455254477544991;91.1283264160156;-9.72496650319954E-07;-282.170569459616;33.4168395329486;-0.00162228336557746;-3.7412614801724E-06;0.00286601833067834;-0.00195957464165986;0.00387940066866577;-0.000557804829441011;0.845178373942876;281.203918457031;1.18752201013189;95858.9477539063;0;0.278700616488097;0.376740765689504;1.4201541565913;95.7700576782227;286.480678747409;-8.30717680982841;-4.70132731187854;-2.30159415047036;0.829509806530023;9.09867817396515E-06;0.0657419812175307;46.1086011907872;0.0566098411718687;-0.000709110706556289;-0.00107734248815482;0.137691155076027;0.0825681760907173;0.0606044866144657
00:01:30;169.112805129029;28.6075954437256;-80.6649551391602;0.0889317467808723;0.465690856291644;91.1337890625;2.91748938252567E-06;-281.284924378972;32.0501826451143;-0.00149919139221311;-5.60266289539868E-06;0.00270922225899994;-0.0017930791946128;0.00366976903751493;-0.000546548399142921;0.840805977844644;282.060394287109;1.22663712644648;99317.9702758789;0;0.394692513891324;0.437991422926074;1.41901385724233;99.2264633178711;286.54324635141;-8.30797034336502;-4.70176712578051;-2.30175856890758;0.824222347273352;9.14992195493441E-06;0.0646201836906104;47.1662451117314;0.0566098411718687;-0.000676432030407666;-0.000981392796094361;0.138719871640205;0.0830653235316277;0.0602505691349506
