TIME;ALT;LAT;LON;MASS;DYNPRESS;BEARING;HEADING;VERTSPEED;GROUNDSPEED;ANGMOMX;ANGMOMY;ANGMOMZ;ANGVELX;ANGVELY;ANGVELZ
00:00:00;98.3099830951542;28.6083869934082;-80.5997467041016;0.297465413808823;3.91975969429652E-12;179.967788696289;-2.91751143777219E-06;0.491651697074047;0.0909732722036023;0.000374496070435271;0.00049716787179932;0.00489454576745629;0.00573793891817331;0.00524695031344891;0.00228344835340977
00:00:00;139.185180817731;28.6083126068115;-80.5997467041016;0.283882617950439;0.0297932172544884;179.91911315918;9.72503244156542E-07;78.7235379665528;15.8951449663279;-0.0838065072894096;-0.0169969871640205;0.00571690639480948;-0.206084981560707;-0.0756452456116676;-0.127540603280067
00:00:01;261.494948983192;28.6080741882324;-80.5997467041016;0.270299822092056;0.138147442481349;179.98762512207;0;160.162706189921;36.0169235531444;-0.0280147530138493;-0.0356976129114628;0.0114345625042915;-0.479716897010803;-0.150202110409737;-0.190067276358604
00:00:02;468.658516252413;28.6076412200928;-80.5997467041016;0.256716996431351;0.330341100590854;-179.856536865234;-1.94499398276093E-06;244.800266389836;58.0642787443295;-0.00796948932111263;-0.0453163497149944;0.0134779633954167;-0.62316906452179;-0.182653918862343;-0.232271537184715
00:00:04;762.645319920965;28.6070022583008;-80.599739074707;0.243134200572968;0.596544476489111;-179.796768188477;0;329.407910541825;80.9418342030328;0.00469065364450216;-0.0610933490097523;0.0104273585602641;-0.849793612957001;-0.239031702280045;-0.310637712478638
00:00:05;1136.65045145899;28.6061630249023;-80.599739074707;0.229551404714584;0.867014582538189;-179.767440795898;-1.94496647054621E-06;400.315910640177;101.050575136004;0.0092927860096097;-0.0650144889950752;0.00120893085841089;-0.922375619411469;-0.252488166093826;-0.3353211581707
00:00:06;1581.78616498504;28.6051406860352;-80.5997314453125;0.215968608856201;1.16148841551115;-179.778625488281;2.91742162517039E-06;472.653454787409;122.040702672822;0.00462239934131503;-0.0694685578346252;-0.00672307284548879;-0.9953253865242;-0.266114175319672;-0.360555946826935
00:00:08;2602.89205149841;28.6027202606201;-80.599723815918;0.158892348408699;1.06021621206075;-179.874069213867;-6.80716038914397E-06;463.625413137104;124.776341698993;-0.00335375848226249;-0.0226436946541071;-7.18299124855548E-05;-0.435264974832535;-0.109862141311169;-0.15951769053936
00:00:09;3073.12227691803;28.6015701293945;-80.599723815918;0.156882792711258;0.979470642079631;-179.925018310547;3.88976332033053E-06;458.752104255597;126.156896668429;-0.00417433213442564;-0.0110003622248769;-0.000291985139483586;-0.210369795560837;-0.0529047958552837;-0.0808598399162292
00:00:10;3539.15439276304;28.6004047393799;-80.599723815918;0.154873251914978;0.920949467954832;-179.969680786133;0;455.338936563965;127.987082299495;-0.00417296402156353;-0.00555801205337048;0.000530534132849425;-0.105539672076702;-0.0259143002331257;-0.0435301549732685
00:00:11;4002.39357457962;28.5992221832275;-80.599723815918;0.152863711118698;0.87122574628952;179.985305786133;6.80693347021588E-06;453.225893113034;130.230568927974;-0.00421252520754933;-0.00291012204252183;0.000914411502890289;-0.0544134415686131;-0.013121877796948;-0.025471230968833
00:00:12;4464.09397383314;28.598014831543;-80.599723815918;0.150854155421257;0.828613061957068;179.942031860352;1.94481572179939E-06;452.278915002575;132.864057418762;-0.00425290316343308;-0.0015734190819785;0.00113316008355469;-0.0285535231232643;-0.00680318847298622;-0.0163991432636976
00:00:13;4925.38539563771;28.5967826843262;-80.599723815918;0.148844614624977;0.79178394285801;179.900009155273;1.94479275705817E-06;452.386523128146;135.8696891628;-0.0042924121953547;-0.000876207777764648;0.00125640968326479;-0.0150351375341415;-0.00358934537507594;-0.011696195229888
00:00:14;5387.29302256275;28.5955219268799;-80.5997314453125;0.146835058927536;0.759667111221283;179.859268188477;3.88953912988654E-06;453.453981866191;139.233361433827;-0.00433970429003239;-0.000500179303344339;0.00133867049589753;-0.00772157078608871;-0.00189270928967744;-0.00919892452657223
00:00:15;5850.7523221001;28.5942287445068;-80.5997314453125;0.144825518131256;0.731388537254603;179.819778442383;9.72372845353675E-07;455.399304260871;142.943646452602;-0.00438439752906561;-0.000292446551611647;0.00139034073799849;-0.00366606772877276;-0.000980977318249643;-0.00784565322101116
00:00:16;6316.62051494978;28.5929012298584;-80.599739074707;0.142815977334976;0.706221403244759;179.781295776367;1.9447211343504E-06;458.150475752791;146.99092264468;-0.00442708190530539;-0.000174662345671095;0.00142794032581151;-0.00135491066612303;-0.000475176319014281;-0.00710418447852135
00:00:17;6785.6857590545;28.5915336608887;-80.5997467041016;0.140806421637535;0.683553066846619;179.743988037109;0;461.643718300953;151.366908902906;-0.00446610292419791;-0.000105994527984876;0.00145531713496894;1.5035730029922E-06;-0.000187602054211311;-0.00669281650334597
00:00:18;7258.67491119541;28.590124130249;-80.5997543334961;0.138796880841255;0.662937221011314;179.707717895508;0;465.822128208438;156.064467988452;-0.00449407426640391;-6.57484561088495E-05;0.00147561030462384;0.000800380483269691;-2.08813798963092E-05;-0.00646141171455383
00:00:19;7736.25773698837;28.5886707305908;-80.5997619628906;0.136787325143814;0.644302243133858;179.672424316406;0;470.629051954003;161.075294965684;-0.00451894663274288;-4.0926766814664E-05;0.00148859701585025;0.00129808078054339;7.64358701417223E-05;-0.00632971897721291
00:00:20;8219.04588001501;28.5871715545654;-80.5997695922852;0.134777784347534;0.627195111858868;179.638031005859;2.91692276732647E-06;476.009052551014;166.390417064672;-0.00453072553500533;-2.53801554208621E-05;0.00149654096458107;0.00160895253065974;0.000136520495289005;-0.00624431204050779
00:00:21;8707.60031397082;28.585620880127;-80.5997848510742;0.132768243551254;0.611073368027482;179.604461669922;2.91687979370181E-06;481.920670727531;172.004441436752;-0.00454763555899262;-1.53588171087904E-05;0.00150862347800285;0.00181424804031849;0.000179368958924897;-0.00620503909885883
00:00:22;9202.45379061066;28.5840167999268;-80.5997924804688;0.130758687853813;0.595653762680716;179.571731567383;-5.8336709116702E-06;488.349149446329;177.920873772694;-0.0045481282286346;-9.12907580641331E-06;0.00151204701978713;0.00193805969320238;0.0002037452213699;-0.00616862811148167
00:00:23;9704.13180157728;28.5823593139648;-80.5998077392578;0.128749147057533;0.580738672618897;179.539855957031;-2.91678952635266E-06;495.292563271253;184.147272745651;-0.0045572966337204;-4.95336416861392E-06;0.00151706882752478;0.00202583358623087;0.000219771638512611;-0.00615755235776305
00:00:24;10213.1622744771;28.5806427001953;-80.5998306274414;0.126739591360092;0.566158215075489;179.508697509766;3.88898888559197E-06;502.757569983206;190.694614236072;-0.00454723509028554;-2.08170627047366E-06;0.00151190534234047;0.00207928591407835;0.000225512412725948;-0.00612809881567955
00:00:25;10730.0848697545;28.5788631439209;-80.5998458862305;0.124730050563812;0.551766532486589;179.478332519531;1.94446170098672E-06;510.760468093278;197.577334410939;-0.00453915353864431;-1.95533573332796E-07;0.00151459826156497;0.00211406452581286;0.000237457570619881;-0.00611113151535392
00:00:26;11255.4612616124;28.5770206451416;-80.5998611450195;0.122720502316952;0.537442984723269;179.448669433594;1.94442736756173E-06;519.328141193087;204.814471620596;-0.0045186416245997;1.06310710634716E-06;0.00150726630818099;0.00213093147613108;0.000239281958783977;-0.0060793268494308
00:00:27;11789.8867238984;28.5751094818115;-80.5998840332031;0.120710954070091;0.52308579840495;179.419769287109;1.94439212464204E-06;528.499613673648;212.430251378386;-0.00449700374156237;2.31942703976529E-06;0.00150329305324703;0.00214716210030019;0.000245685165282339;-0.00604753429070115
00:00:28;12334.003408256;28.573127746582;-80.5999069213867;0.118701405823231;0.508609318228241;179.391418457031;1.94435529010661E-06;538.327884255674;220.455292486616;-0.00447429809719324;2.89996296487516E-06;0.0014984036097303;0.00214961636811495;0.000249538454227149;-0.00601872522383928
00:00:29;12888.5156922909;28.5710716247559;-80.5999374389648;0.116691865026951;0.493990451188108;179.363800048828;-5.83295195610845E-06;548.881836330773;228.927954675337;-0.00443592201918364;3.51324547409604E-06;0.00148113339673728;0.00214542099274695;0.000243305432377383;-0.00596560351550579
00:00:30;13454.201900309;28.5689334869385;-80.5999603271484;0.11468231678009;0.47930907103567;179.336761474609;1.94427798305696E-06;560.230159632434;237.887575550639;-0.00439728004857898;2.83790382127336E-06;0.0014748100657016;0.00211562705226243;0.000248597760219127;-0.00592546025291085
00:00:31;14031.8913032655;28.5667133331299;-80.5999908447266;0.11267276853323;0.464460403844817;179.310333251953;9.72118414210854E-07;572.40593259336;247.35959602201;-0.0043599153868854;1.93366759049241E-06;0.00146626005880535;0.00208193832077086;0.000250049779424444;-0.00588748557493091
00:00:32;14622.4429129455;28.5644016265869;-80.6000213623047;0.11066322773695;0.449312785172814;179.284408569336;-1.94419453691808E-06;585.438728831766;257.368573383442;-0.00430117920041084;2.33699165619328E-06;0.00144958181772381;0.00206406856887043;0.000251676130574197;-0.00581106496974826
00:00:33;15226.7482441077;28.5619983673096;-80.6000595092773;0.108653679490089;0.433722100679012;179.25910949707;-1.94414997167769E-06;599.362548840547;267.94101307932;-0.00423756754025817;2.49697791332437E-06;0.00142103806138039;0.00203878991305828;0.000239248285652138;-0.00572557514533401
00:00:34;15845.7378051076;28.5594940185547;-80.60009765625;0.106644131243229;0.417040412572413;179.234344482422;-3.8882071748958E-06;614.222036780636;279.108692995244;-0.00417387438938022;2.94421511171095E-06;0.00140329904388636;0.00201940862461925;0.000241321686189622;-0.00564216822385788
00:00:35;16480.3954295674;28.5568866729736;-80.6001358032227;0.104634582996368;0.399208190271943;179.210083007813;-1.94405561160238E-06;630.074362986871;290.909659637365;-0.0041122455149889;3.16912860398588E-06;0.00139087100978941;0.00199680728837848;0.000249145028647035;-0.00556478416547179
00:00:36;17131.7631526636;28.5541667938232;-80.6001815795898;0.102625034749508;0.380500312630094;179.18635559082;4.86001363242394E-06;646.975198451927;303.382164893113;-0.00404408480972052;3.49704896507319E-06;0.00137127656489611;0.00197298568673432;0.000250241399044171;-0.00547574553638697
00:00:37;17800.9366763486;28.5513324737549;-80.600227355957;0.100615493953228;0.361292777136994;179.163177490234;-9.7197641935054E-07;664.973747266423;316.561959010101;-0.00396915432065725;3.89197111871908E-06;0.00134830293245614;0.00194723333697766;0.000249547651037574;-0.00537648238241673
00:00:38;18489.0584303765;28.5483722686768;-80.6002731323242;0.0986059457063675;0.341894851598153;179.140411376953;4.85974578623427E-06;684.11284331522;330.48230526066;-0.00388304027728736;4.07097604693263E-06;0.00132033065892756;0.00191181676927954;0.000246306415647268;-0.00526287686079741
00:00:39;19197.3118019644;28.5452823638916;-80.6003265380859;0.096596397459507;0.322589331079364;179.118209838867;1.94384097085276E-06;704.430158783945;345.174124748117;-0.00379777606576681;4.1991593207058E-06;0.00129664270207286;0.00187603256199509;0.000248270487645641;-0.00515214307233691
00:00:40;19926.9159839554;28.5420532226563;-80.6003875732422;0.0945868492126465;0.303636738574635;179.096435546875;2.91567266685888E-06;725.95843096346;360.666162730174;-0.00371230836026371;4.31896387453889E-06;0.00126909057144076;0.00183968525379896;0.000245203904341906;-0.00503957783803344
00:00:41;20679.1214908157;28.5386810302734;-80.6004486083984;0.092577300965786;0.285237952178985;179.075149536133;8.7467369667138E-06;748.726673922712;376.985301529379;-0.00362491328269243;4.53376514997217E-06;0.00123934517614543;0.0018041281728074;0.0002400442463113;-0.00492298323661089
00:00:42;21455.206928717;28.5351543426514;-80.6005172729492;0.0905677601695061;0.267584469620369;179.054153442383;3.8873090488778E-06;772.760934880568;394.156806421637;-0.00353335845284164;4.78619995192275E-06;0.00120613095350564;0.00176708318758756;0.000231880665523931;-0.00479951500892639
00:00:43;22256.4764431221;28.5314693450928;-80.6005859375;0.0885582119226456;0.250685244947894;179.033569335938;9.71793156168133E-07;798.086205582364;412.205182452383;-0.00344115775078535;5.02340526509215E-06;0.00117867987137288;0.00172992877196521;0.0002315017482033;-0.00467733712866902
00:00:44;23084.2618271699;28.5276145935059;-80.6006622314453;0.0865486636757851;0.234417363592513;179.01335144043;1.94351514437585E-06;824.732349994708;431.157251054214;-0.00335111538879573;5.30815532329143E-06;0.00115623930469155;0.00169516762252897;0.000236878360738046;-0.00455918489024043
00:00:45;23939.928426737;28.5235824584961;-80.6007385253906;0.0845391154289246;0.218731295956162;178.993469238281;1.94344079318398E-06;852.734801621133;451.042713912582;-0.00325691956095397;5.26529811395449E-06;0.00112168199848384;0.00165075471159071;0.000227736221859232;-0.00443345075473189
00:00:46;24824.8803140204;28.5193653106689;-80.6008224487305;0.0825295671820641;0.203560580543601;178.97395324707;-9.7168151569349E-07;882.134220172191;471.89381955576;-0.00316251232288778;5.47347462998005E-06;0.00109648308716714;0.00161223846953362;0.000231053534662351;-0.00430898834019899
00:00:47;25740.5658302819;28.5149517059326;-80.6009140014648;0.0805200263857841;0.188906747701651;178.954650878906;9.71640929492423E-07;912.976291714703;493.745541064874;-0.00306961336173117;5.42677071280195E-06;0.0010671264026314;0.00156879634596407;0.000228244098252617;-0.00418644025921822
00:00:48;26688.4820629423;28.5103359222412;-80.6010131835938;0.0785104781389236;0.174742583972532;178.935668945313;-1.94319704860391E-06;945.311165616547;516.635354403399;-0.00297548738308251;5.45333432455664E-06;0.00103891955222934;0.00152638228610158;0.00022742387955077;-0.00406208401545882
00:00:49;27670.180277559;28.5055084228516;-80.6011123657227;0.0765009298920631;0.161079525389331;178.917022705078;3.88621629099362E-06;979.194598497512;540.60383930888;-0.00288549857214093;5.45250532013597E-06;0.00100594095420092;0.00148453004658222;0.000218669272726402;-0.00394117413088679
00:00:50;28673.2966121826;28.500524520874;-80.6012191772461;0.0759317427873611;0.13910293587698;178.898574829102;9.71508029579127E-07;977.440985137676;545.004944889053;-0.00291882921010256;5.69999110666686E-06;0.00101866875775158;0.00150581379421055;0.000222680857405066;-0.00398679915815592
00:00:52;29662.2228109892;28.4955635070801;-80.6013336181641;0.0759317427873611;0.115880010012927;178.880432128906;2.91438686872425E-06;962.100907515304;541.866184111447;-0.00297943013720214;5.81044196223957E-06;0.00103828182909638;0.00153669936116785;0.000225271767703816;-0.00406907824799418
00:00:53;30635.9738153629;28.4906311035156;-80.6014404296875;0.0759317427873611;0.096997774652638;178.862579345703;9.71417080108949E-07;947.640636325549;539.193952979401;-0.00303490809164941;6.00115163251758E-06;0.00105735298711807;0.00156692182645202;0.000229092402150854;-0.00414418336004019
00:00:54;31595.3658496449;28.4857196807861;-80.6015548706055;0.0759317427873611;0.0815552459922515;178.844955444336;2.91411561192945E-06;933.909451611644;536.911484352761;-0.00308403023518622;6.11399809713475E-06;0.00106960500124842;0.00159185740631074;0.000226351956371218;-0.00420942530035973
00:00:55;32541.0767746037;28.4808311462402;-80.6016693115234;0.0759317427873611;0.0688928103287725;178.827529907227;0;920.78470037399;534.955808476041;-0.00313426787033677;6.18063222646015E-06;0.00108453468419611;0.00161673466209322;0.00022675225045532;-0.00427734246477485
00:00:56;33473.6711020777;28.4759578704834;-80.6017837524414;0.0759317427873611;0.0584681043167483;178.810256958008;0;908.165802545599;533.274876628544;-0.00320191495120525;6.38349047221709E-06;0.00110725313425064;0.00165289803408086;0.000230680743698031;-0.00436894409358501
00:00:57;34393.6207047179;28.4710998535156;-80.6018981933594;0.0759317427873611;0.049825818964332;178.793334960938;-2.91371225102921E-06;895.970912592759;531.826222827439;-0.00327177066355944;6.34251773590222E-06;0.00113083748146892;0.00168529141228646;0.000235084749874659;-0.00446528848260641
00:00:58;35301.3225755552;28.4662551879883;-80.6020126342773;0.0759317427873611;0.0425944972339101;178.776443481445;2.91357855530805E-06;884.134069317697;530.575740441568;-0.00331652723252773;6.45317641101428E-06;0.00113923603203148;0.0017075699288398;0.000228917298954912;-0.00452376203611493
00:00:59;36197.1134851612;28.4614200592041;-80.6021347045898;0.0759317427873611;0.0365140750296803;178.759750366211;2.91344554170792E-06;872.602226460593;529.495345215994;-0.00338353193365037;6.57306827633874E-06;0.0011656527640298;0.00174247939139605;0.000238045729929581;-0.00461639929562807
00:01:00;37081.2804532237;28.4565963745117;-80.6022491455078;0.0759317427873611;0.0314006513805873;178.74348449707;0;861.33033087755;528.56152881555;-0.00344388512894511;6.50973061055993E-06;0.00118048023432493;0.00176885770633817;0.000234583931160159;-0.00469793286174536
00:01:01;37954.0682734326;28.4517822265625;-80.6023712158203;0.0759317427873611;0.0270938479308481;178.726989746094;9.71059876064828E-07;850.280188671021;527.753913401581;-0.00350401061587036;6.59098941468983E-06;0.00120731140486896;0.00180031929630786;0.00024695199681446;-0.00478228041902184
00:01:02;38815.6858274536;28.4469738006592;-80.6024932861328;0.0759317427873611;0.023455199551886;178.710922241211;3.88406351703452E-06;839.41952334139;527.055237346768;-0.00356974988244474;6.61413605484995E-06;0.00121652276720852;0.00182940030936152;0.000233927596127614;-0.00486815441399813
00:01:03;39666.3119641729;28.4421730041504;-80.6026153564453;0.0759317427873611;0.0203649903901884;178.695053100586;0;828.721359142275;526.450941018236;-0.00363486516289413;6.69342398396111E-06;0.00124497734941542;0.00186325097456574;0.000246534531470388;-0.0049593304283917
00:01:04;40506.100394777;28.4373779296875;-80.6027450561523;0.0759317427873611;0.0177221489636962;178.678924560547;-1.94185531654512E-06;818.163305539956;525.929060401633;-0.00369191518984735;6.64225308355526E-06;0.00125791411846876;0.00188796571455896;0.000241910995100625;-0.00503604067489505
00:01:05;41335.1841415251;28.4325866699219;-80.6028671264648;0.0759317427873611;0.0154588447533499;178.663681030273;2.91265132545959E-06;807.726783002762;525.479203173724;-0.00376968691125512;6.83616690366762E-06;0.00128339312504977;0.00192859384696931;0.000245569157414138;-0.00514142028987408
00:01:06;42153.678183632;28.4278011322021;-80.6029968261719;0.0759317427873611;0.0135205105576767;178.647933959961;-7.76671822677599E-06;797.393414918381;525.091424582961;-0.00383074185810983;6.76595982440631E-06;0.00130718410946429;0.0019569240976125;0.000253824662650004;-0.00522690173238516
00:01:07;42961.668725932;28.4230194091797;-80.6031265258789;0.0759317427873611;0.0118589163341678;178.632369995117;-1.94159179045528E-06;787.124679255482;524.74156132436;-0.00389440404251218;6.83198913975502E-06;0.00132020807359368;0.00198647147044539;0.000246630632318556;-0.0053112618625164
00:01:08;43759.2111081146;28.4182415008545;-80.6032562255859;0.0759317427873611;0.0104321786664793;178.617721557617;-1.94150425159023E-06;776.905121073814;524.420035593036;-0.00397092197090387;6.682134426228E-06;0.00134401326067746;0.00201935810036957;0.000249222503043711;-0.00541684776544571
00:01:09;44546.3522987021;28.4134674072266;-80.603385925293;0.0759317427873611;0.00920280278395545;178.602310180664;-9.70708356362593E-07;766.728770037204;524.123748473529;-0.004034623503685;6.81560322846053E-06;0.00137005874421448;0.00205336883664131;0.00025909038959071;-0.00550500676035881
00:01:10;45323.1337434351;28.4086952209473;-80.6035232543945;0.0759317427873611;0.00813788815556914;178.587356567383;1.94132962860749E-06;756.590718572337;523.849853278534;-0.00410452671349049;6.91970171828871E-06;0.00138563837390393;0.00208656792528927;0.000252844707574695;-0.00559790153056383
00:01:11;46089.5922779851;28.4039268493652;-80.6036529541016;0.0759317427873611;0.00721331959035793;178.572906494141;1.94124208974245E-06;746.486789124968;523.595933800519;-0.00418182089924812;6.80149287290988E-06;0.00141312635969371;0.00212131114676595;0.000260025932220742;-0.00570542691275477
00:01:12;46845.7607098352;28.3991603851318;-80.6037902832031;0.0759317427873611;0.00641048682138006;178.558135986328;2.91173205368978E-06;736.413237378557;523.35996761995;-0.0042620524764061;6.91762261340045E-06;0.00143975531682372;0.00216158526018262;0.000264412432443351;-0.0058148386888206
00:01:13;47591.6682774369;28.3943977355957;-80.6039276123047;0.0759317427873611;0.0057126414463681;178.543502807617;0;726.36677971929;523.140146705367;-0.00433181785047054;6.92477533448255E-06;0.0014605016913265;0.00219407281838357;0.000265292124822736;-0.00590986898168921
00:01:14;48327.341135785;28.3896369934082;-80.6040649414063;0.0759317427873611;0.00510490851966641;178.529296875;2.91147034658934E-06;716.344623770853;522.93476626465;-0.00440480886027217;6.79230606692727E-06;0.00148146832361817;0.00222507282160223;0.000265659036813304;-0.00601000618189573
00:01:15;49052.8027627869;28.384880065918;-80.6042098999023;0.0759317427873611;0.00457409175830678;178.515380859375;-1.94089307115064E-06;706.344334668156;522.74234224667;-0.00448786746710539;6.95879407430766E-06;0.00150759669486433;0.00226725195534527;0.000268175266683102;-0.00612253183498979
00:01:16;49768.0742857531;28.3801231384277;-80.6043472290039;0.0759317427873611;0.00410853146787724;178.501449584961;3.88161197406589E-06;696.36372864228;522.561697876049;-0.00457616709172726;6.81362780596828E-06;0.00153762241825461;0.00230640778318048;0.000274784833891317;-0.00624498352408409
00:01:17;50473.1747754952;28.3753700256348;-80.6044921875;0.0759317427873611;0.00369805537255789;178.4873046875;1.94071890291525E-06;686.400921142441;522.391829063947;-0.00465939147397876;6.89292119204765E-06;0.00156551063992083;0.00234744232147932;0.000279834377579391;-0.00635883491486311
00:01:18;51168.1215550164;28.3706188201904;-80.6046295166016;0.0759317427873611;0.00333521564028004;178.473388671875;3.88126500183716E-06;676.454338073223;522.231782280884;-0.00473845982924104;6.83125063005718E-06;0.00158767437096685;0.00238234852440655;0.000279416417470202;-0.00646663736552
00:01:19;51852.9304296756;28.3658676147461;-80.6047744750977;0.0759317427873611;0.00301387653674742;178.459869384766;0;666.522594179157;522.08069092694;-0.00482142204418778;6.81687515680096E-06;0.00161346071399748;0.00242076418362558;0.000282152235740796;-0.00658016093075275
00:01:20;52527.6158520272;28.361120223999;-80.6049194335938;0.0759317427873611;0.00272884908237845;178.44645690918;-9.70229280028434E-07;656.60440521099;521.93779566804;-0.00491171795874834;6.88483214617008E-06;0.00163968885317445;0.0024635714944452;0.000282444874756038;-0.00670264894142747
00:01:21;53192.1909386991;28.3563747406006;-80.6050720214844;0.0759317427873611;0.00247543426004076;178.433410644531;2.91055721390876E-06;646.698434258961;521.8023016059;-0.00500461691990495;6.80251423545997E-06;0.00167011597659439;0.00250579696148634;0.000287831499008462;-0.00683065457269549
00:01:22;53846.6675531669;28.3516292572021;-80.6052169799805;0.0759317427873611;0.00224891463976548;178.420471191406;-9.70142423284415E-07;636.803581914294;521.673551507507;-0.0050991321913898;6.84981569065712E-06;0.00170127034652978;0.00255140662193298;0.000293084012810141;-0.00696007627993822
00:01:23;54491.0565389097;28.346887588501;-80.6053695678711;0.0759317427873611;0.002045288712449;178.40739440918;3.88039688914432E-06;626.918933446807;521.551006344425;-0.00519360369071364;6.76947774991277E-06;0.00173207023181021;0.00259436783380806;0.00029842890216969;-0.00709018483757973
00:01:24;55125.3678831048;28.3421459197998;-80.6055145263672;0.0759317427873611;0.00186137404684129;178.394119262695;-1.94011181520182E-06;617.043710989206;521.434216854379;-0.00528640393167734;6.80157245369628E-06;0.00176378956530243;0.00263927225023508;0.000305148103507236;-0.00721766520291567
00:01:25;55749.610845034;28.3374061584473;-80.6056671142578;0.0759317427873611;0.00169560265685377;178.38102722168;-2.91003811980772E-06;607.177240640903;521.322772937678;-0.00538012385368347;6.83760799802258E-06;0.001790288137272;0.00268258596770465;0.000304732850054279;-0.00734488433226943
00:01:26;56363.794023294;28.3326683044434;-80.6058197021484;0.0759317427873611;0.00154620267385357;178.36848449707;2.90990783469169E-06;597.318917991921;521.216294003291;-0.00547828152775764;6.80564517097082E-06;0.00181794574018568;0.00272651691921055;0.000304514222079888;-0.00747856963425875
00:01:27;56967.9254441438;28.3279323577881;-80.6059722900391;0.0759317427873611;0.00141143371459679;178.356246948242;4.8496308409085E-06;587.46822676797;521.114414201925;-0.00557594746351242;6.75356886858935E-06;0.00184773211367428;0.00277070119045675;0.000307366979541257;-0.00761232851073146
00:01:28;57562.0126165655;28.3231964111328;-80.6061325073242;0.0759317427873611;0.00128973591935776;178.34440612793;0;577.62465347228;521.016867243413;-0.00567558826878667;6.57910641166382E-06;0.00187616480980068;0.002812605118379;0.000308400252833962;-0.00774907134473324
00:01:29;58146.0625470346;28.3184623718262;-80.6062850952148;0.0759317427873611;0.00117970782480738;178.332473754883;-1.93967935047112E-06;567.787752142636;520.923400618412;-0.00578575162217021;6.72982696414692E-06;0.00191298371646553;0.00286780740134418;0.000314806791720912;-0.00789943803101778
00:01:30;58720.0818025526;28.3137302398682;-80.6064453125;0.0759317427873611;0.00108009065145958;178.320495605469;0;557.95710859714;520.833799643584;-0.00589879788458347;6.79862341712578E-06;0.0019508070545271;0.00292282458394766;0.000321867817547172;-0.00805429928004742
00:01:31;59284.0765600801;28.3089981079102;-80.6066055297852;0.0759317427873611;0.000989751978069393;178.308502197266;-9.69753386925731E-07;548.132347612888;520.747874666382;-0.00601597549393773;6.75147521178587E-06;0.0019870672840625;0.00297626201063395;0.000326050416333601;-0.00821484159678221
00:01:32;59838.052643273;28.3042678833008;-80.6067581176758;0.0759317427873611;0.000907671971005204;178.296585083008;-1.93942037185479E-06;538.31314370002;520.665437807831;-0.00612430460751057;6.71739098834223E-06;0.00202174368314445;0.00302635738626122;0.000331380317220464;-0.00836348999291658
00:01:33;60382.015557305;28.29953956604;-80.6069183349609;0.0759317427873611;0.000832953491386226;178.284637451172;9.69667325989576E-07;528.499190741456;520.586334749367;-0.0062363869510591;6.6626894295041E-06;0.00205808505415916;0.00307802087627351;0.00033763435203582;-0.00851752515882254
00:01:34;60915.970505096;28.2948112487793;-80.6070861816406;0.0759317427873611;0.000764915205542901;178.272827148438;5.81774474994745E-06;518.690212474924;520.510415449492;-0.00634896848350763;6.63449782223324E-06;0.00209033000282943;0.00312839657999575;0.000338371261022985;-0.0086710611358285
00:01:35;61439.9224263495;28.2900829315186;-80.6072463989258;0.0759317427873611;0.000702969675556449;178.261505126953;0;508.88596228112;520.437529497776;-0.00646330928429961;6.68501297695911E-06;0.00212292745709419;0.00318095576949418;0.000338487763656303;-0.00882647931575775
00:01:36;61953.8760106219;28.2853584289551;-80.6074066162109;0.0759317427873611;0.000646571786425347;178.250366210938;5.81722861170419E-06;499.086206535991;520.367539217286;-0.00657878257334232;6.59921443002531E-06;0.00215972121804953;0.00323329889215529;0.000344404892530292;-0.00898520555347204
00:01:37;62457.8357092636;28.2806339263916;-80.6075744628906;0.0759317427873611;0.000595218775687186;178.239410400391;1.93899018086086E-06;489.290724910432;520.300317572858;-0.00670048967003822;6.62235879644868E-06;0.00219694175757468;0.00328983995132148;0.000347984168911353;-0.00915143173187971
00:01:38;62951.8057697518;28.2759094238281;-80.6077346801758;0.0759317427873611;0.00054844595097713;178.228729248047;-1.93890423361154E-06;479.499306185297;520.235749097735;-0.00682475790381432;6.55106077829259E-06;0.00223385286517441;0.00334518426097929;0.000350931833963841;-0.00932151172310114
00:01:39;63435.7902156822;28.2711868286133;-80.6079025268555;0.0759317427873611;0.000505827187651945;178.218246459961;2.90822686110914E-06;469.711754795962;520.173724446455;-0.0069471811875701;6.62147613184061E-06;0.00227266713045537;0.00340363709256053;0.00035598746035248;-0.0094887362793088
00:01:40;63909.7928781826;28.2664642333984;-80.6080703735352;0.0759317427873611;0.000466969546714263;178.207824707031;2.90809862235619E-06;459.927882149778;520.114144488236;-0.00707752909511328;6.59390207147226E-06;0.00231324578635395;0.0034635248593986;0.000361176440492272;-0.00966726522892714
00:01:41;64373.8174097771;28.2617435455322;-80.6082382202148;0.0759317427873611;0.000431513806202878;178.197463989258;-1.93864639186359E-06;450.147511884272;520.056917763977;-0.00720899598672986;6.59440593153704E-06;0.00235373340547085;0.00352419004775584;0.000365694053471088;-0.00984706450253725
00:01:42;64827.8672819361;28.257022857666;-80.6084060668945;0.0759317427873611;0.000399151733085998;178.187210083008;-9.69280222307134E-07;440.370477114973;520.001957756436;-0.00734285404905677;6.56638121654396E-06;0.00239633675664663;0.00358619727194309;0.000372267153579742;-0.0100305983796716
00:01:44;65271.945804134;28.2523040771484;-80.6085815429688;0.0759317427873611;0.000369631159330714;178.176986694336;0;430.596620077177;519.949180689513;-0.00747533002868295;6.68285474603181E-06;0.00243873684667051;0.00365038472227752;0.000377966091036797;-0.0102114053443074
00:01:45;65706.0561298914;28.2475852966309;-80.6087493896484;0.0759317427873611;0.000342682448381992;178.166763305664;3.87677755497862E-06;420.825790753665;519.898508610253;-0.00761053431779146;6.583739832422E-06;0.00248017534613609;0.00371074699796736;0.000383276346838102;-0.0103968977928162
00:01:46;66130.201265689;28.2428684234619;-80.6089248657227;0.0759317427873611;0.00031806934029973;178.156707763672;-9.69151528806833E-07;411.057848325589;519.849865361152;-0.00775211118161678;6.63169385006768E-06;0.00252343318425119;0.00377665879204869;0.000387501786462963;-0.0105901993811131
00:01:47;66544.3840637859;28.238151550293;-80.6090927124023;0.0759317427873611;0.000295576472344385;178.146697998047;-2.90732555185969E-06;401.292628461227;519.803139910053;-0.00788765121251345;6.53739789413521E-06;0.00256641651503742;0.00383813283406198;0.000394678878365085;-0.0107763959094882
00:01:48;66948.6072008405;28.233434677124;-80.6092681884766;0.0759317427873611;0.000275009607481134;178.136779785156;-1.93813161786238E-06;391.529953790376;519.758193126503;-0.00802475959062576;6.55589974485338E-06;0.00260601309128106;0.00389992212876678;0.000396311050280929;-0.0109633635729551
00:01:49;67342.8731810898;28.2287197113037;-80.6094436645508;0.0759317427873611;0.000256192415766097;178.127075195313;-1.93804612536042E-06;381.769668642861;519.714905659488;-0.00816660095006227;6.5869203353941E-06;0.00265059224329889;0.00396634917706251;0.000402302044676617;-0.0111573813483119
00:01:50;67727.1843609549;28.2240047454834;-80.609619140625;0.0759317427873611;0.000238964264801293;178.117477416992;1.93796040548477E-06;372.011640077553;519.673178743535;-0.00830844510346651;6.6507654992165E-06;0.0026945045683533;0.00403291312977672;0.000407197308959439;-0.0113510973751545
00:01:51;68101.5429719407;28.2192897796631;-80.6097946166992;0.0759317427873611;0.000223180389721625;178.108062744141;4.84468773720437E-06;362.25575158647;519.632931112372;-0.00844968948513269;6.44406782157603E-06;0.00273774634115398;0.00409401720389724;0.000414061010815203;-0.0115454774349928
00:01:52;68465.9511364587;28.2145767211914;-80.6099700927734;0.0759317427873611;0.000208708714896359;178.098861694336;2.90668413072126E-06;352.501903195691;519.594095753517;-0.00859726686030626;6.50919901090674E-06;0.00278185633942485;0.00416214391589165;0.000417378556448966;-0.0117467753589153
00:01:53;68820.4108769847;28.2098636627197;-80.6101531982422;0.0759317427873611;0.000195429955861165;178.089813232422;9.68851963989437E-07;342.750003574503;519.556617741594;-0.00874013267457485;6.44241117697675E-06;0.00282442755997181;0.00422564521431923;0.000421744742197916;-0.0119423838332295
00:01:54;69164.924131454;28.2051525115967;-80.6103286743164;0.0759317427873611;0.000183235643175791;178.080963134766;-3.87523687095381E-06;332.999973460123;519.520451816067;-0.0088888481259346;6.4954274421325E-06;0.00287076621316373;0.00429534213617444;0.000427494756877422;-0.0121456263586879
00:01:55;69499.4927571462;28.200439453125;-80.6105041503906;0.0759317427873611;0.000172027667875318;178.072296142578;9.68766585174308E-07;323.251738197153;519.485561163097;-0.00903510022908449;6.60969044474768E-06;0.00291429227218032;0.00436345068737864;0.000430133601184934;-0.0123448567464948
00:01:56;69824.1185426088;28.195728302002;-80.6106872558594;0.0759317427873611;0.000161717472726358;178.063781738281;1.93744767784665E-06;313.505230041375;519.451914145603;-0.00918735656887293;6.41969108983176E-06;0.0029591650236398;0.0044286111369729;0.000435681635281071;-0.0125539302825928
00:01:57;70138.8032080438;28.1910190582275;-80.6108703613281;0.0759317427873611;0.000152225426086785;178.055450439453;2.90604361907754E-06;303.760384382897;519.419485064214;-0.0093339579179883;6.44695592200151E-06;0.00300493533723056;0.00449690921232104;0.000441795185906813;-0.0127544468268752
00:01:58;70443.5484087626;28.1863079071045;-80.6110534667969;0.0759317427873611;0.000143485333307011;178.047241210938;1.93727692021639E-06;294.017141833291;519.388251684139;-0.0094881309196353;6.52035123493988E-06;0.00304850121028721;0.00456592394039035;0.000442578486399725;-0.0129644684493542
00:01:59;70738.3557457542;28.1815986633301;-80.6112365722656;0.0759317427873611;0.000135438195624068;178.039199829102;9.68595713857212E-07;284.275445301659;519.358195055684;-0.00964239612221718;6.42969553155126E-06;0.00309392367489636;0.00463354587554932;0.00044736746349372;-0.0131757669150829
00:02:00;71023.2267587185;28.1768913269043;-80.6114196777344;0.0759317427873611;0.000128028578805456;178.031265258789;-9.68553081293067E-07;274.535237172614;519.329297066128;-0.00979302078485489;6.43199473415734E-06;0.00314180180430412;0.00470390729606152;0.000455007189884782;-0.01338205114007
00:02:01;71298.1629328597;28.1721820831299;-80.6116027832031;0.0759317427873611;0.000121206180119484;178.0234375;9.68510335042083E-07;264.796466272359;519.301542459214;-0.00995163340121508;6.49172079647542E-06;0.00318799959495664;0.00477549759671092;0.000457735935924575;-0.0135984588414431
00:02:02;71563.1657025032;28.1674747467041;-80.6117858886719;0.0759317427873611;0.000114924686344047;178.015731811523;9.68467816164775E-07;255.059078645087;519.274919562553;-0.0101030953228474;6.4346895669587E-06;0.00323464255779982;0.0048440215177834;0.000464526558062062;-0.0138060189783573
00:02:03;71818.2364497082;28.1627674102783;-80.6119689941406;0.0759317427873611;0.000109141645018423;178.008117675781;-1.93685082194861E-06;245.323029070793;519.24942528729;-0.0102563109248877;6.39349264019984E-06;0.00328160985372961;0.00491344090551138;0.000471027567982674;-0.01401586830616
00:02:04;72063.3765138043;28.1580600738525;-80.6121520996094;0.0759317427873611;0.000103818154499854;178.000640869141;-6.77867865306325E-06;235.588271310816;519.22505729048;-0.0104089304804802;6.38745814285357E-06;0.00332722719758749;0.00498214783146977;0.000475875567644835;-0.0142245935276151
00:02:05;72298.5871878145;28.1533527374268;-80.6123428344727;0.0759317427873611;9.89189754300049E-05;177.993255615234;9.68340145846014E-07;225.854760332604;519.201812754741;-0.0105619458481669;6.4309479057556E-06;0.00337194744497538;0.00505087291821837;0.000479089474538341;-0.014433529227972
00:02:06;72523.8697188869;28.1486473083496;-80.6125259399414;0.0759317427873611;9.44116213907406E-05;177.985961914063;9.68297626968706E-07;216.122448453216;519.179687674909;-0.0107143968343735;6.39670952296001E-06;0.00341763463802636;0.00511907041072845;0.000484562857309356;-0.0146422060206532
00:02:07;72739.2253051503;28.1439399719238;-80.6127166748047;0.0759317427873611;9.0266600113586E-05;177.978805541992;-1.93650976143545E-06;206.391289576183;519.158676997784;-0.0108682801946998;6.41699625703041E-06;0.00346600753255188;0.00519083254039288;0.000491750193759799;-0.014852779917419
00:02:08;72944.6551018702;28.1392345428467;-80.612907409668;0.0759317427873611;8.64568689110597E-05;177.971771240234;-1.93642517842818E-06;196.66123631398;519.138774207681;-0.0110176494345069;6.35959486317006E-06;0.00351008004508913;0.00525665143504739;0.000496858556289226;-0.0150572815909982
00:02:09;73140.1602146234;28.1345291137695;-80.6130981445313;0.0759317427873611;8.29591536577971E-05;177.964813232422;-1.93634014067356E-06;186.932241973821;519.119972125137;-0.0111658414825797;6.33508898317814E-06;0.00355520541779697;0.00532374903559685;0.000502976821735501;-0.0152601394802332
00:02:10;73325.7417041278;28.129825592041;-80.61328125;0.0759317427873611;7.97536929045882E-05;177.957962036133;-1.93625487554527E-06;177.204257811918;519.102260993577;-0.0113133927807212;6.48348986942437E-06;0.00359660247340798;0.0053897094912827;0.000503183400724083;-0.0154610713943839
00:02:11;73501.4005813906;28.1251201629639;-80.6134719848633;0.0759317427873611;7.68196104186102E-05;177.951156616211;5.808510195493E-06;167.477237682183;519.085630541602;-0.0114574786275625;6.33487570667057E-06;0.00364058325067163;0.00545315677300096;0.000511149235535413;-0.0156588889658451
00:02:12;73667.1378123723;28.1204166412354;-80.6136627197266;0.0759317427873611;7.41376605759513E-05;177.944519042969;0;157.751133118566;519.070068544746;-0.0116009945049882;6.39387781120604E-06;0.00368411839008331;0.00551915261894464;0.00051587464986369;-0.0158549733459949
00:02:13;73822.9543165825;28.1157131195068;-80.6138534545898;0.0759317427873611;7.16907246147593E-05;177.937957763672;3.8719999793102E-06;148.025896831506;519.055562718204;-0.0117411259561777;6.27849340162356E-06;0.00372418435290456;0.00557863526046276;0.000520790927112103;-0.0160470344126225
00:02:14;73968.8509665402;28.1110076904297;-80.6140518188477;0.0759317427873611;6.94630506592444E-05;177.931518554688;9.67957589637081E-07;138.301481609184;519.042098967992;-0.0118794664740562;6.31284092378337E-06;0.00376617489382625;0.00564191350713372;0.000525783805642277;-0.0162361580878496
00:02:15;74104.828588753;28.1063060760498;-80.6142425537109;0.0759317427873611;6.74407065289048E-05;177.925186157227;9.67915184446611E-07;128.577841780562;519.029662669122;-0.0120141208171844;6.32740329820081E-06;0.00380416098050773;0.00570023665204644;0.000528341333847493;-0.0164201725274324
00:02:16;74230.8879632857;28.1016025543213;-80.6144332885742;0.0759317427873611;6.56110403613718E-05;177.918975830078;9.6787277925614E-07;118.854929764757;519.018239302106;-0.0121453115716577;6.26485098109697E-06;0.00384243438020349;0.0057572890073061;0.000533258193172514;-0.0165998414158821
00:02:17;74347.0298272213;28.0968990325928;-80.6146240234375;0.0759317427873611;6.39629026364983E-05;177.912902832031;-1.93566052075766E-06;109.132700395718;519.007811877357;-0.0122720804065466;6.26391283731209E-06;0.0038791645783931;0.00581292808055878;0.000536922831088305;-0.0167732089757919
00:02:18;74453.2548724944;28.0921955108643;-80.6148223876953;0.0759317427873611;6.2486139440588E-05;177.906982421875;3.87115142075345E-06;99.4111085992447;518.998364005927;-0.0123924566432834;6.36561435385374E-06;0.00391419790685177;0.00586722325533628;0.000538922962732613;-0.0169374626129866
00:02:19;74549.5637452835;28.0874938964844;-80.6150131225586;0.0759317427873611;6.11720928693298E-05;177.901153564453;9.67745449997892E-07;89.6901094175728;518.989878565924;-0.0125111723318696;6.23558025836246E-06;0.00394770270213485;0.00591664761304855;0.000543831964023411;-0.0171002876013517
00:02:20;74635.9570525754;28.0827903747559;-80.6152114868164;0.0759317427873611;6.0012767880808E-05;177.895523071289;-9.67703044807422E-07;79.969658276816;518.982337634391;-0.0126213729381561;6.30270596957416E-06;0.0039764828979969;0.00596226658672094;0.000543495640158653;-0.0172506887465715
00:02:21;74712.4353570947;28.078088760376;-80.6154022216797;0.0759317427873611;5.90014415874882E-05;177.890014648438;1.9353212792339E-06;70.2497125132079;518.975722496461;-0.0127266785129905;6.31677403362119E-06;0.00400611618533731;0.0060075456276536;0.000545834132935852;-0.0173946656286716
00:02:22;74778.9991778797;28.0733852386475;-80.6156005859375;0.0759317427873611;5.81321802898211E-05;177.884643554688;9.67618348113319E-07;60.5302287638372;518.970014313686;-0.0128245260566473;6.22465722699417E-06;0.00403408752754331;0.0060488460585475;0.000550213677342981;-0.0175288189202547
00:02:23;74835.6489979876;28.0686836242676;-80.6157989501953;0.0759317427873611;5.73999094671185E-05;177.879470825195;-2.90272782876855E-06;50.8111651177348;518.96519307911;-0.0129141286015511;6.28875932306983E-06;0.00405792985111475;0.00608635507524014;0.00055037485435605;-0.0176511462777853
00:02:24;74882.3852567514;28.0639820098877;-80.6159973144531;0.0759317427873611;5.68003154713066E-05;177.874450683594;1.93506730283843E-06;41.0924804349104;518.961239478132;-0.0129992300644517;6.27194731350755E-06;0.00407741731032729;0.00611733505502343;0.000549653021153063;-0.0177675615996122
00:02:25;74919.2083552722;28.0592803955078;-80.6161880493164;0.0759317427873611;5.63301999713907E-05;177.869583129883;0;31.3741339211103;518.958133032767;-0.0130714634433389;6.21756544205709E-06;0.0040981718339026;0.00614809431135654;0.000552934943698347;-0.017866550013423
00:02:26;74946.118658796;28.0545787811279;-80.6163864135742;0.0759317427873611;5.59869586623642E-05;177.864944458008;-1.9348981368239E-06;21.6560868653606;518.955852295988;-0.0131370518356562;6.19979618932121E-06;0.00411412492394447;0.00617295363917947;0.000553370220586658;-0.0179563090205193
00:02:27;74963.1164912274;28.049877166748;-80.616584777832;0.0759317427873611;5.57686677200706E-05;177.860458374023;-9.67406776908319E-07;11.9382993337162;518.954377123533;-0.0131928510963917;6.22017432760913E-06;0.00412573758512735;0.00619206624105573;0.00055188441183418;-0.0180325787514448
00:02:28;74970.2021428198;28.0451736450195;-80.6167831420898;0.0759317427873611;5.56741722866505E-05;177.856170654297;1.9347287434357E-06;2.22073462127781;518.953683977121;-0.0132354060187936;6.24353788225562E-06;0.00413530739024282;0.00620751455426216;0.000551173579879105;-0.0180907472968102
00:02:29;74967.3758687796;28.0404720306396;-80.6169815063477;0.0759317427873611;5.57029853577329E-05;177.852081298828;5.80393361815368E-06;-7.49664428745581;518.953752669136;-0.0132678505033255;6.3041361499927E-06;0.00413885619491339;0.00621504709124565;0.000547541421838105;-0.0181350186467171
00:02:30;74954.6378878169;28.0357704162598;-80.6171798706055;0.0759317427873611;5.58552410180446E-05;177.848190307617;9.67279902397422E-07;-17.2138729360882;518.954558774094;-0.0132874306291342;6.23114874542807E-06;0.00414287811145186;0.00622086320072412;0.000548645155504346;-0.018162002786994
00:02:31;74931.9883865137;28.0310688018799;-80.6173782348633;0.0759317427873611;5.6131758662334E-05;177.844482421875;-9.67237724580627E-07;-26.9309863381663;518.956080355866;-0.0132930474355817;6.20562104813871E-06;0.00414109509438276;0.00621883617714047;0.000547320407349616;-0.0181697830557823
00:02:32;74899.4275193783;28.0263671875;-80.6175842285156;0.0759317427873611;5.65339982354407E-05;177.84098815918;9.67195319390157E-07;-36.6480164472431;518.958293975929;-0.0132869314402342;6.27217241344624E-06;0.00413349876180291;0.00620939116925001;0.000542515947017819;-0.018161354586482
00:02:33;74856.9554079724;28.0216655731201;-80.6177825927734;0.0759317427873611;5.70641420595596E-05;177.83772277832;9.67153141573363E-07;-46.3649962101287;518.961176438429;-0.0132644157856703;6.21048684479319E-06;0.00412284582853317;0.00619382550939918;0.000540586770512164;-0.0181307401508093
00:02:35;74804.5721457945;28.0169639587402;-80.6179809570313;0.0759317427873611;5.77252511498261E-05;177.834625244141;9.67110736382892E-07;-56.0819554179166;518.964704087823;-0.0132281985133886;6.12954590906156E-06;0.00410627853125334;0.00616965908557177;0.000537611776962876;-0.0180814489722252
00:02:36;74742.2777954033;28.0122623443604;-80.6181793212891;0.0759317427873611;5.85208254570976E-05;177.831756591797;-9.67068672252935E-07;-65.7989230414271;518.968853173057;-0.0131752351298928;6.26337714493275E-06;0.00408332934603095;0.00613776547834277;0.000529175216797739;-0.0180089008063078
00:02:37;74670.0723933764;28.0075607299805;-80.6183776855469;0.0759317427873611;5.94555165428637E-05;177.8291015625;9.67026267062465E-07;-75.5159266301132;518.973600843737;-0.0131070297211409;6.26029668637784E-06;0.00405835593119264;0.00610121944919229;0.000524082337506115;-0.0179157163947821
00:02:38;74587.9559504846;28.002857208252;-80.6185836791992;0.0759317427873611;6.05349615563739E-05;177.826629638672;1.93396840586502E-06;-85.2329907074421;518.978922925184;-0.0130213480442762;6.21187427896075E-06;0.00402866816148162;0.00605718372389674;0.000519406225066632;-0.017798688262701
00:02:39;74495.928450942;27.9981555938721;-80.618782043457;0.0759317427873611;6.17653378966261E-05;177.824371337891;1.93388405023143E-06;-94.95013803293;518.9847964174;-0.0129199335351586;6.07909623795422E-06;0.00399147626012564;0.00600188598036766;0.00051462696865201;-0.0176603309810162
00:02:40;74393.9898566799;27.9934539794922;-80.6189880371094;0.0759317427873611;6.31538641723402E-05;177.822311401367;1.93380014934519E-06;-104.667389837555;518.991199327603;-0.0127987461164594;6.24467338639079E-06;0.00394996535032988;0.00594157166779041;0.000503724499139935;-0.0174945034086704
00:02:41;74282.1401100894;27.9887504577637;-80.6191864013672;0.0759317427873611;6.47089956103737E-05;177.820465087891;0;-114.384764066593;518.998109981546;-0.0126608675345778;6.21458866589819E-06;0.00390375941060483;0.00587292993441224;0.000496179738547653;-0.0173061043024063
00:02:42;74160.3791331723;27.9840488433838;-80.619384765625;0.0759317427873611;6.64399282539892E-05;177.818832397461;3.86726196666132E-06;-124.102275941283;519.005506897059;-0.0125059839338064;6.38309256828506E-06;0.00385039462707937;0.00579486833885312;0.000483182084280998;-0.0170943289995193
00:02:43;74028.7068313966;27.9793453216553;-80.6195907592773;0.0759317427873611;6.83571908335058E-05;177.817367553711;1.93354662769707E-06;-133.819937838347;519.013371588212;-0.0123355900868773;6.38602932667709E-06;0.00379362306557596;0.00571053568273783;0.000473371881525964;-0.0168615020811558
00:02:44;73887.1230952889;27.9746417999268;-80.6197891235352;0.0759317427873611;7.04727967880929E-05;177.816116333008;-1.93346227206348E-06;-143.537758909631;519.0216855107;-0.0121505688875914;6.22881134404452E-06;0.00373234949074686;0.00561871891841292;0.00046623926027678;-0.0166087988764048
00:02:45;73735.6278035743;27.9699401855469;-80.6199951171875;0.0759317427873611;7.27997650911801E-05;177.815063476563;2.90006710201851E-06;-153.25574578356;519.030434164182;-0.0119497487321496;6.30211707175476E-06;0.00366893084719777;0.00552428001537919;0.000454418011941016;-0.0163342319428921
00:02:46;73574.2208241643;27.9652366638184;-80.6201934814453;0.0759317427873611;7.53529041429255E-05;177.814163208008;9.66647007771826E-07;-162.973900220124;519.03960334839;-0.0117360800504684;6.31300963505055E-06;0.0035980015527457;0.00541876489296556;0.00044237359543331;-0.0160422939807177
00:02:47;73402.9020180376;27.9605331420898;-80.6203994750977;0.0759317427873611;7.81485081435103E-05;177.813461303711;-2.89981448986509E-06;-172.692221644514;519.04918202871;-0.0115150548517704;6.30314798399922E-06;0.00352637679316103;0.00531185418367386;0.000430891755968332;-0.015740267932415
00:02:48;73221.6712420266;27.9558296203613;-80.62060546875;0.0759317427873611;8.12046915980397E-05;177.812896728516;-2.8996876153542E-06;-182.410705661924;519.059162834785;-0.0112801156938076;6.33028230367927E-06;0.00345337553881109;0.00520255975425243;0.000418626295868307;-0.015419103205204
00:02:49;73030.5283492142;27.9511260986328;-80.6208038330078;0.0759317427873611;8.45414657547404E-05;177.812484741211;4.83260237160721E-06;-192.129345013045;519.069541588889;-0.0110432477667928;6.32040473647066E-06;0.00337542174383998;0.00508625339716673;0.00040623135282658;-0.015095504000783
00:02:50;72829.4731938206;27.9464206695557;-80.6210098266602;0.0759317427873611;8.81790841707751E-05;177.812210083008;3.86591409551329E-06;-201.848128825041;519.080316737106;-0.0108036193996668;6.46215676169959E-06;0.00329804443754256;0.00497094076126814;0.000390917382901534;-0.0147680779919028
00:02:51;72618.5056307353;27.9417171478271;-80.621208190918;0.0759317427873611;9.21380966451202E-05;177.812057495117;1.93287269212306E-06;-211.567044108595;519.091491532841;-0.010565291158855;6.43853309156839E-06;0.00322156748734415;0.00485640997067094;0.00037929302197881;-0.0144424522295594
00:02:52;72397.6255197972;27.93701171875;-80.6214141845703;0.0759317427873611;9.6444011029049E-05;177.811996459961;2.89918284579471E-06;-221.286075856236;519.103072432689;-0.0103322556242347;6.50216361464118E-06;0.00314963050186634;0.00474846223369241;0.000366526102880016;-0.0141239613294601
00:02:53;72166.8327247323;27.9323081970215;-80.6216201782227;0.0759317427873611;0.000101124616506335;177.812057495117;-3.86540887120645E-06;-231.005208215475;519.115069775672;-0.0101096164435148;6.28058387519559E-06;0.00307923555374146;0.00464256014674902;0.000360073434421793;-0.0138196954503655
00:02:54;71926.1271141898;27.9276027679443;-80.6218185424805;0.0759317427873611;0.000106210674730558;177.81217956543;1.93262053471699E-06;-240.724425089392;519.127495806646;-0.00989895686507225;6.45010413791169E-06;0.00301284808665514;0.00454318663105369;0.000346071465173736;-0.0135318953543901
00:02:55;71675.5085622286;27.9228973388672;-80.6220245361328;0.0759317427873611;0.000111735779961169;177.812362670898;-9.66267862168024E-07;-250.443711869809;519.140365231717;-0.00970708671957254;6.44106694380753E-06;0.00295110302977264;0.00445064110681415;0.00033671673736535;-0.0132697876542807
00:02:56;71414.9769465616;27.9181900024414;-80.6222229003906;0.0759317427873611;0.000117736671212386;177.812591552734;1.93245182344981E-06;-260.163057566965;519.153694235961;-0.00953725818544626;6.53631786917686E-06;0.00289829727262259;0.0043713035993278;0.00032641360303387;-0.0130377812311053
00:02:57;71144.5321452133;27.9134845733643;-80.622428894043;0.0759317427873611;0.000124253459172673;177.812850952148;1.93236792256357E-06;-269.882455551795;519.16749718043;-0.00939427968114614;6.47792467134423E-06;0.00285322335548699;0.00430354662239552;0.000320646533509716;-0.0128424139693379
00:02:58;70864.1740338532;27.9087791442871;-80.6226348876953;0.0759317427873611;0.000131330040837273;177.81315612793;-9.66141897151829E-07;-279.601905042775;519.181783860708;-0.00927636213600636;6.44122792436974E-06;0.00281540001742542;0.00424677785485983;0.000315666751703247;-0.0126813175156713
00:02:59;70573.9024844114;27.9040718078613;-80.6228332519531;0.0759317427873611;0.000139014253818329;177.813491821289;-9.66099946708709E-07;-289.321409592607;519.196550654881;-0.00919131562113762;6.56296469969675E-06;0.00278742797672749;0.00420484412461519;0.000308997550746426;-0.0125652812421322
00:03:00;70273.7173609529;27.8993644714355;-80.6230392456055;0.0759317427873611;0.000147358248475933;177.813858032227;3.86423153031501E-06;-299.040982012466;519.21178474488;-0.00913313496857882;6.54005407341174E-06;0.00276673538610339;0.00417400477454066;0.000306753616314381;-0.0124858794733882
00:03:01;69963.6185154226;27.8946571350098;-80.6232452392578;0.0759317427873611;0.000156418942137233;177.814270019531;1.93203163689759E-06;-308.760647252901;519.22746279104;-0.00909815076738596;6.45378622721182E-06;0.00275679654441774;0.00415897089987993;0.000306849891785532;-0.0124379666522145
00:03:02;69643.6057775607;27.889949798584;-80.6234436035156;0.0759317427873611;0.000166256785754525;177.814743041992;1.93194773601135E-06;-318.480443095337;519.243549764511;-0.00908904988318682;6.39563313598046E-06;0.00274894689209759;0.00414784997701645;0.000307952723233029;-0.0124256536364555
00:03:03;69313.6789463703;27.8852405548096;-80.623649597168;0.0759317427873611;0.000176944271937795;177.815292358398;4.82965879200492E-06;-328.200424661158;519.259991915774;-0.00909016281366348;6.50613401376177E-06;0.00275058066472411;0.00415004324167967;0.000305596739053726;-0.0124272434040904
00:03:04;68973.8377808444;27.8805332183838;-80.6238479614258;0.0759317427873611;0.000188564681939582;177.815979003906;1.93177947949152E-06;-337.920654780668;519.276722650291;-0.00909879803657532;6.51000982543337E-06;0.00274985446594656;0.00414939969778061;0.000306239060591906;-0.0124391643330455
00:03:05;68624.0820013629;27.8758239746094;-80.6240539550781;0.0759317427873611;0.00020121035308692;177.816787719727;3.86339161195792E-06;-347.641202188067;519.293657566155;-0.00909653678536415;6.52519975119503E-06;0.00274649634957314;0.00414467509835958;0.000306098954752088;-0.0124361850321293
00:03:06;68264.4112859201;27.871114730835;-80.6242599487305;0.0759317427873611;0.000214982887364093;177.817840576172;-2.8974172892049E-06;-357.362142376071;519.310693135409;-0.00907517410814762;6.51679783914005E-06;0.00273582199588418;0.00412911968305707;0.000305771623970941;-0.0124071314930916
00:03:07;67894.8252663873;27.8664035797119;-80.6244583129883;0.0759317427873611;0.000229994680515723;177.819107055664;1.93152777683281E-06;-367.083545301282;519.327708252622;-0.00901680812239647;6.48048671791912E-06;0.00271344161592424;0.00409599533304572;0.000304396671708673;-0.0123274987563491
00:03:08;67515.3235432133;27.8616943359375;-80.6246643066406;0.0759317427873611;0.000246369560699967;177.820678710938;6.760053565813E-06;-376.805459955296;519.344575128595;-0.00890924781560898;6.53663482808042E-06;0.00267618265934289;0.00404010713100433;0.000298806611681357;-0.0121808089315891
00:03:09;67125.905706021;27.8569831848145;-80.6248626708984;0.0759317427873611;0.000264243907873473;177.822509765625;9.65679873843328E-07;-386.527903386684;519.361161815052;-0.00873996876180172;6.5142326093337E-06;0.00262187607586384;0.00395834213122725;0.000291652249870822;-0.0119496425613761
00:03:10;66726.5713652754;27.8522720336914;-80.6250686645508;0.0759317427873611;0.00028376787061188;177.824676513672;-9.65637923400209E-07;-396.250842093825;519.377343353009;-0.00850822310894728;6.52401195111452E-06;0.0025489937979728;0.00384823558852077;0.000280791777186096;-0.0116332080215216
00:03:11;66317.3201976679;27.8475608825684;-80.6252670288086;0.0759317427873611;0.000305107350398;177.827163696289;2.89678814624494E-06;-405.974176261721;519.393011876608;-0.00821354985237122;6.58488215776742E-06;0.00245536142028868;0.00370671576820314;0.000266268471023068;-0.0112309847027063
00:03:12;65898.1520040249;27.8428478240967;-80.6254730224609;0.0759317427873611;0.000328444729301849;177.82991027832;2.89666195385507E-06;-415.697724294516;519.408085552452;-0.00786513648927212;6.54671885058633E-06;0.00234559923410416;0.00354100833646953;0.000251289806328714;-0.0107551831752062
00:03:13;65469.0667723157;27.8381366729736;-80.6256713867188;0.0759317427873611;0.000353980600616057;177.832901000977;-9.65512185757689E-07;-425.421228816638;519.422534073132;-0.00748485885560513;6.65008474243223E-06;0.00223028752952814;0.00336564611643553;0.000230944657232612;-0.0102360537275672
00:03:14;65030.0647085719;27.833423614502;-80.6258697509766;0.0759317427873611;0.000381936979882965;177.836059570313;-3.86188003176358E-06;-435.144403355857;519.436433793267;-0.00710557354614139;6.48260811431101E-06;0.00211137183941901;0.00318644684739411;0.000217289998545311;-0.00971784442663193
00:03:15;64581.1462528612;27.8287086486816;-80.6260757446289;0.0759317427873611;0.000412560318940756;177.839279174805;0;-444.866923738527;519.449920255589;-0.00676186522468925;6.65945526634459E-06;0.00200892495922744;0.00302987499162555;0.000196795808733441;-0.00924881361424923
00:03:16;64122.3121023206;27.82399559021;-80.6262741088867;0.0759317427873611;0.000446116880211816;177.84245300293;-2.89615854853764E-06;-454.588445497474;519.463143437659;-0.00650013191625476;6.68768689138233E-06;0.00193007406778634;0.0029098920058459;0.000183626878424548;-0.00889145955443382
00:03:17;63653.5632167021;27.8192806243896;-80.6264801025391;0.0759317427873611;0.000482861641886976;177.845489501953;3.8613779906882E-06;-464.30865375125;519.476229360106;-0.00635531404986978;6.68302664053044E-06;0.00188635976519436;0.00284345238469541;0.000176798246684484;-0.0086937015876174
00:03:18;63174.9007800315;27.8145656585693;-80.6266784667969;0.0759317427873611;0.000523128578326816;177.848342895508;5.79181460125255E-06;-474.027321894183;519.489221566456;-0.00634636543691158;6.71047791911406E-06;0.00188661681022495;0.00284318183548748;0.000174886823515408;-0.00868149008601904
00:03:19;62686.3261236381;27.809850692749;-80.6268768310547;0.0759317427873611;0.000567284915006031;177.851043701172;-2.89578201773111E-06;-483.744364407458;519.50202127292;-0.00647486001253128;6.59550187265268E-06;0.00192427972797304;0.0029012612067163;0.000183698532055132;-0.00885668117552996
00:03:20;62187.8406279003;27.8051357269287;-80.6270751953125;0.0759317427873611;0.000615729490165913;177.853622436523;0;-493.459884626435;519.514337908503;-0.00670199980959296;6.64793651594664E-06;0.00199396605603397;0.00300687528215349;0.000193036990822293;-0.0091669037938118
00:03:21;61679.4455861226;27.8004188537598;-80.6272735595703;0.0759317427873611;0.000668895797523122;177.856262207031;1.93035339179914E-06;-503.174172864955;519.52567213599;-0.00695791048929095;6.50371202937094E-06;0.00206844322383404;0.00312157860025764;0.000209028090466745;-0.00951597467064857
00:03:22;61161.1420984278;27.7957019805908;-80.6274795532227;0.0759317427873611;0.000727253477849271;177.859130859375;2.89540412268252E-06;-512.887647930485;519.535360515593;-0.0071445032954216;6.64027538732626E-06;0.00212112814188004;0.00320180342532694;0.000216396816540509;-0.00977110769599676
00:03:23;60632.9310295209;27.7909851074219;-80.6276779174805;0.0759317427873611;0.000791311042875014;177.862487792969;1.93018604477402E-06;-522.600719332871;519.542688542745;-0.00716441031545401;6.69991595714237E-06;0.00212198775261641;0.0032037659548223;0.000218059751205146;-0.00979851372539997
00:03:25;60094.8130843239;27.7862663269043;-80.6278762817383;0.0759317427873611;0.000861616987854773;177.866424560547;-2.89515310214483E-06;-532.313590538535;519.547087944644;-0.00694840075448155;6.64803292238503E-06;0.00205081747844815;0.0030967581551522;0.000211262391530909;-0.009503573179245
00:03:26;59546.7890096921;27.7815494537354;-80.6280746459961;0.0759317427873611;0.000938766269205916;177.870986938477;2.89502781924966E-06;-542.026065466248;519.548358689216;-0.00648855185136199;6.65689185552765E-06;0.00190501741599292;0.00287578837014735;0.000192363731912337;-0.00887594744563103
00:03:27;58988.8599298801;27.7768306732178;-80.6282730102539;0.0759317427873611;0.00102352237616282;177.876052856445;-2.89490230898082E-06;-551.737405715668;519.546846604531;-0.00587259512394667;6.59616353004822E-06;0.00171757361385971;0.00259055523201823;0.000165462493896484;-0.00803499855101109
00:03:28;58421.0277242837;27.7721118927002;-80.6284713745117;0.0759317427873611;0.00111681951322193;177.881225585938;3.85970224670018E-06;-561.446369009401;519.543434764281;-0.00527540734037757;6.82132349538733E-06;0.00154039054177701;0.00231808773241937;0.000131918626721017;-0.00722046801820397
00:03:29;57843.2953042733;27.767391204834;-80.628662109375;0.0759317427873611;0.00121969494929507;177.886215209961;0;-571.151488883884;519.539248331014;-0.00490833399817348;6.80393395668943E-06;0.00143291626591235;0.00215341453440487;0.000113804409920704;-0.0067193740978837
00:03:30;57255.6666149357;27.7626724243164;-80.6288604736328;0.0759317427873611;0.00133329704453869;177.890670776367;-1.92968354895129E-06;-580.851584282262;519.535084903998;-0.00493288924917579;6.73209160595434E-06;0.00144409015774727;0.00217013852670789;0.000114684778964147;-0.00675265677273273
00:03:31;56658.1462589046;27.7579517364502;-80.6290588378906;0.0759317427873611;0.0014589002086301;177.894546508789;0;-590.546328949237;519.530749412554;-0.00534927612170577;6.71331144985743E-06;0.00157335435505956;0.0023669358342886;0.00013259839033708;-0.00732087995857
00:03:32;56050.7388081225;27.753231048584;-80.6292572021484;0.0759317427873611;0.00159791943046903;177.898239135742;0;-600.236559124319;519.524647700848;-0.00594139797613025;6.69609926262638E-06;0.00174831156618893;0.00263526407070458;0.000161842501256615;-0.0081289503723383
00:03:33;55433.4480925016;27.7485103607178;-80.6294479370117;0.0759317427873611;0.00175192811664223;177.902328491211;-9.64716377893637E-07;-609.923930957361;519.514090561176;-0.00632677925750613;6.68558368488448E-06;0.00185867748223245;0.00280542299151421;0.000182493240572512;-0.00865486823022366
00:03:34;54806.2770034736;27.7437896728516;-80.6296463012695;0.0759317427873611;0.0019226651370963;177.907409667969;9.64674427450518E-07;-619.609784402253;519.496517141062;-0.00615727761760354;6.61983403915656E-06;0.00179877888876945;0.00271637411788106;0.000180283052031882;-0.00842334236949682
00:03:35;54169.228224962;27.7390670776367;-80.6298370361328;0.0759317427873611;0.00211156775768935;177.91357421875;0;-629.293714271283;519.471233420806;-0.00539116049185395;6.69563223709702E-06;0.00156183773651719;0.00235476321540773;0.000146876263897866;-0.00737809576094151
00:03:36;53522.3057443136;27.7343463897705;-80.6300354003906;0.0759317427873611;0.0023207297543772;177.920288085938;2.89377271656122E-06;-638.972852512815;519.440462666458;-0.00444003706797957;6.81103847455233E-06;0.00127701053861529;0.00191754288971424;0.000100539698905777;-0.00608056923374534
00:03:37;52865.5163428588;27.7296237945557;-80.6302261352539;0.0759317427873611;0.00255364492556478;177.926391601563;2.89364743366605E-06;-648.642871057988;519.408176104976;-0.00398664548993111;6.73613385515637E-06;0.0011485933791846;0.00171950028743595;7.72647035773844E-05;-0.00546167651191354
00:03:38;52198.8697430044;27.7249011993408;-80.6304168701172;0.0759317427873611;0.00281444121140591;177.93132019043;-9.64507421485905E-07;-658.30080107631;519.376499890786;-0.00444042356684804;6.87071951688267E-06;0.00129367818590254;0.0019385366467759;9.07759167603217E-05;-0.00608134642243385
00:03:39;51522.3767844085;27.720178604126;-80.630615234375;0.0759317427873611;0.00310775556960395;177.93571472168;-9.64465471042786E-07;-667.947567336756;519.342280314138;-0.0054183816537261;6.66892765366356E-06;0.00158722861669958;0.00239011971279979;0.000139140509418212;-0.007415063213557
00:03:40;50836.046793092;27.7154560089111;-80.6308059692383;0.0759317427873611;0.00343798480433487;177.940948486328;-2.89327113023319E-06;-677.587415461161;519.297790676708;-0.00587345147505403;6.70872623231844E-06;0.00170921999961138;0.00258066155947745;0.000166871439432725;-0.00803599134087563
00:03:41;50139.886878225;27.7107334136963;-80.6309967041016;0.0759317427873611;0.00381044947501584;177.947799682617;1.9287640498078E-06;-687.222674099116;519.237511195402;-0.005087960511446;6.80283619658439E-06;0.00146225211210549;0.00220403913408518;0.000135760550620034;-0.00696450332179666
00:03:42;49433.9053442329;27.7060108184814;-80.6311874389648;0.0759317427873611;0.00423121286646346;177.955505371094;-2.8930210191902E-06;-696.84838089006;519.165172202603;-0.00375079875811934;6.74942020850722E-06;0.00106443755794317;0.00159316696226597;7.46728765079752E-05;-0.00514001492410898
00:03:43;48718.1164764641;27.7012882232666;-80.6313781738281;0.0759317427873611;0.00470836704251787;177.962066650391;3.85719386031269E-06;-706.454721822008;519.090956558518;-0.00351621815934777;6.85231225361349E-06;0.00100953807123005;0.00150380458217114;5.34635182702914E-05;-0.00482051679864526
00:03:44;47992.5404032469;27.6965656280518;-80.6315689086914;0.0759317427873611;0.00525204600091637;177.967086791992;0;-716.037930298305;519.016597952563;-0.00478486949577928;6.8016361183254E-06;0.00139406486414373;0.00209353375248611;0.000108871536212973;-0.00655115488916636
00:03:45;47257.1963283159;27.6918430328369;-80.6317520141602;0.0759317427873611;0.00587361081208706;177.972686767578;2.89264517050469E-06;-725.605806341296;518.927398606457;-0.00558099010959268;6.62156344333198E-06;0.00161871465388685;0.00244410755112767;0.000155924921273254;-0.00763639435172081
00:03:46;46512.0984846437;27.6871223449707;-80.6319427490234;0.0759317427873611;0.00658579666189145;177.980728149414;2.8925201149832E-06;-735.163774593587;518.810785103554;-0.00427795015275478;6.78968444844941E-06;0.00121367641258985;0.00182440027128905;0.000103312326245941;-0.00585920689627528
00:03:47;45757.2644194076;27.6824016571045;-80.6321334838867;0.0759317427873611;0.0074028212083585;177.988952636719;1.92826337297447E-06;-744.698724156816;518.679538632187;-0.00296998140402138;6.84450969856698E-06;0.000836700026411563;0.00124014809262007;3.53863797499798E-05;-0.00407541403546929
00:03:48;44992.724433626;27.6776809692383;-80.6323165893555;0.0759317427873611;0.00834047476102227;177.994522094727;5.78454046262777E-06;-754.195014589568;518.549837063096;-0.00426621362566948;6.77304842611193E-06;0.00124001142103225;0.00185650703497231;8.49686693982221E-05;-0.00584360072389245
00:03:49;44218.5123213986;27.6729602813721;-80.6325073242188;0.0759317427873611;0.00941628775451046;178.000564575195;2.89214494841872E-06;-763.662721265575;518.400084007976;-0.00534317409619689;6.71663838147651E-06;0.00153927365317941;0.00232422281987965;0.000147658516652882;-0.00731198256835341
00:03:50;43434.6533188988;27.6682415008545;-80.6326904296875;0.0759317427873611;0.0106553090203364;178.009811401367;-9.64006744652579E-07;-773.111184372214;518.208022117797;-0.00334722572006285;6.68629763822537E-06;0.000932575785554945;0.00139378989115357;6.61789745208807E-05;-0.00458918372169137
00:03:51;42641.1810613498;27.6635227203369;-80.6328735351563;0.0759317427873611;0.012088397376228;178.017196655273;3.85586099582724E-06;-782.512446819243;518.005168799306;-0.00315720634534955;6.84001633999287E-06;0.000905454740859568;0.00134152674581856;3.64512234227732E-05;-0.00433121621608734
00:03:52;41838.1477932679;27.6588077545166;-80.633056640625;0.0759317427873611;0.0137496567110701;178.022857666016;9.63923525887367E-07;-791.858799955334;517.791632913683;-0.00523313134908676;6.63839364278829E-06;0.00150871661026031;0.00227775913663208;0.000142054705065675;-0.00716147944331169
00:03:53;41025.6036921404;27.6540927886963;-80.6332397460938;0.0759317427873611;0.0156750605471305;178.032501220703;0;-801.155596747199;517.50676114688;-0.00316442572511733;6.80701168676023E-06;0.000873695651534945;0.00130319816526026;5.93112308706623E-05;-0.00434023514389992
00:03:54;40203.6318871537;27.6493797302246;-80.6334228515625;0.0759317427873611;0.0179047954564659;178.039733886719;3.85536168323597E-06;-810.341968221631;517.177398428913;-0.00339128822088242;6.71932730256231E-06;0.000977031653746963;0.00145201047416776;4.78846413898282E-05;-0.00465018721297383
00:03:55;39372.353215917;27.6446685791016;-80.6336059570313;0.0759317427873611;0.0204823390451344;178.046890258789;9.63798925113224E-07;-819.408028776229;516.787265464844;-0.00480326963588595;6.62717548038927E-06;0.00136364041827619;0.00206009717658162;0.000133712790557183;-0.00657460605725646
00:03:56;38531.8836864494;27.6399631500244;-80.6337890625;0.0759317427873611;0.0234683501584773;178.056671142578;-4.81878714708728E-06;-828.359588471034;516.290820861282;-0.00228512566536665;6.67883568894467E-06;0.000634489173535258;0.000927911605685949;8.87615351530258E-06;-0.00314122601412237
00:03:57;37682.3738646507;27.6352596282959;-80.6339645385742;0.0759317427873611;0.0269454954449017;178.062774658203;-5.7822967391985E-06;-837.135306564498;515.742643888594;-0.00498585123568773;6.39825111647951E-06;0.00142818433232605;0.00215904507786036;0.000138704432174563;-0.00682286079972982
00:03:58;36823.9902629489;27.6305618286133;-80.634147644043;0.0759317427873611;0.0310050123484846;178.073287963867;1.92734955817286E-06;-845.758857423216;515.053085044914;-0.00217353063635528;6.78414517096826E-06;0.00059660617262125;0.000869538518600166;5.71929786019609E-06;-0.00298943789675832
00:03:59;35956.9262383403;27.6258716583252;-80.6343231201172;0.0759317427873611;0.0357461426572029;178.079559326172;3.85453358831001E-06;-854.153804785427;514.286759370437;-0.00486777117475867;6.53680808682111E-06;0.00139012292493135;0.00210022600367665;0.000132534303702414;-0.00666219601407647
00:04:00;35081.4074279284;27.621187210083;-80.6344985961914;0.0759317427873611;0.0412756023773169;178.090026855469;0;-862.33590152904;513.348180627227;-0.00212770234793425;6.50006768410094E-06;0.000595175079070032;0.000865701935254037;9.93285766526242E-07;-0.00292629818432033
00:04:01;34197.6947454019;27.6165103912354;-80.6346740722656;0.0759317427873611;0.0477056507017884;178.097518920898;-1.92710217561398E-06;-870.224292285723;512.293231284367;-0.00425576465204358;6.33878471489879E-06;0.00118823035154492;0.00179749866947532;0.000122958794236183;-0.00582612492144108
00:04:02;33306.083212438;27.6118431091309;-80.6348495483398;0.0759317427873611;0.0552064294504754;178.105850219727;-9.63509819484898E-07;-877.8106792064;511.04532924869;-0.00355201493948698;6.14894815953448E-06;0.00102345622144639;0.00152936961967498;6.5261876443401E-05;-0.00486723706126213
00:04:03;32406.9238595851;27.6071891784668;-80.6350250244141;0.0759317427873611;0.0639991497313408;178.116424560547;2.89040713141731E-06;-885.036562015702;509.594512268266;-0.00207113614305854;6.37019275018247E-06;0.000568532501347363;0.000828759977594018;8.23880964162527E-06;-0.0028484626673162
00:04:04;31500.6136978483;27.6025485992432;-80.6351928710938;0.0759317427873611;0.0743258374199253;178.124465942383;-3.85371276934166E-06;-891.827928801207;507.938792314407;-0.00360356830060482;6.22355400992092E-06;0.000989316613413394;0.00149341358337551;0.000100659111922141;-0.00493605155497789
00:04:05;30587.6171229435;27.5979232788086;-80.635368347168;0.0759317427873611;0.0864331936385249;178.132369995117;5.78032540943241E-06;-898.13346224791;506.016416931961;-0.00438682921230793;6.2605322455056E-06;0.00123336049728096;0.00186664436478168;0.000125264617963694;-0.00600451044738293
00:04:06;29668.4739992525;27.5933151245117;-80.6355361938477;0.0759317427873611;0.100572953026;178.141311645508;1.92669403986656E-06;-903.876812145704;503.789091351337;-0.00400370871648192;6.69395421937224E-06;0.0011453676270321;0.0017165606841445;8.28427291708067E-05;-0.00548491394147277
00:04:07;28743.8059575055;27.5887298583984;-80.6357040405273;0.0759317427873611;0.11705609394634;178.150543212891;-9.63306661105889E-07;-908.967325518122;501.222492340651;-0.00362207228317857;7.18655428499915E-06;0.00104264845140278;0.00154836126603186;5.02649672853295E-05;-0.0049670715816319
00:04:08;27814.3291914621;27.5841674804688;-80.6358642578125;0.0759317427873611;0.136256679855072;178.159698486328;-2.88980027107755E-06;-913.304336148408;498.271799692999;-0.00362386228516698;7.62845411372837E-06;0.00104088836815208;0.00154167669825256;4.40686235378962E-05;-0.00497128115966916
00:04:09;26880.868323422;27.5796356201172;-80.6360321044922;0.0759317427873611;0.158570472537313;178.168792724609;0;-916.775685928779;494.882855765655;-0.00383929186500609;7.99055032985052E-06;0.00109133927617222;0.00162096414715052;5.64125111850444E-05;-0.0052659367211163
00:04:10;25944.3706940534;27.5751342773438;-80.6361923217773;0.0759317427873611;0.184459630866101;178.178237915039;-9.63187289926282E-07;-919.255832320775;490.99162376251;-0.00358494161628187;8.38634241517866E-06;0.000995997106656432;0.00147650123108178;5.33511520188767E-05;-0.0049200002104044
00:04:11;25005.922190805;27.570671081543;-80.6363525390625;0.0759317427873611;0.214385994546465;178.187698364258;-2.88944443127548E-06;-920.601820807609;486.530440630814;-0.00259165884926915;8.84715427673655E-06;0.000716736831236631;0.00103262136690319;-7.26060306988074E-06;-0.00356857525184751
00:04:12;24066.7644334808;27.5662498474121;-80.6365127563477;0.0759317427873611;0.248879390106241;178.196090698242;1.92621905625856E-06;-920.645235296472;481.44132838873;-0.00304541271179914;8.92319712875178E-06;0.000864320027176291;0.00125557009596378;5.93376000779244E-07;-0.00418802862986922
00:04:13;23128.3124800399;27.5618782043457;-80.6366653442383;0.0759317427873611;0.28841918512824;178.205047607422;-2.88921296487388E-06;-919.215164666811;475.632708178368;-0.00305235618725419;8.90140745468671E-06;0.000855190213769674;0.00124599749688059;9.60467787081143E-06;-0.00419689761474729
00:04:14;22192.1694708653;27.5575637817383;-80.6368179321289;0.0759317427873611;0.333526445053917;178.213439941406;-9.63033244261169E-07;-916.11600478676;469.023691007805;-0.00311972829513252;8.21771754999645E-06;0.000877155805937946;0.0012870766222477;2.2614374756813E-05;-0.00428584404289722
00:04:16;21260.1458506519;27.5533123016357;-80.636962890625;0.0759317427873611;0.384635389490274;178.221801757813;-1.92599190995679E-06;-911.140095817207;461.522200885263;-0.0028068742249161;8.1484377005836E-06;0.000791861210018396;0.00115245778579265;5.41405552212382E-06;-0.00385947292670608
00:04:17;20334.2716249004;27.5491333007813;-80.6371154785156;0.0759317427873611;0.442120463663747;178.229858398438;8.66663322085515E-06;-904.062298520225;453.04128852796;-0.00293061160482466;7.8160201155697E-06;0.000827526848297566;0.00121204205788672;1.69154045579489E-05;-0.00402662297710776
00:04:18;19416.8063332802;27.545036315918;-80.6372528076172;0.0759317427873611;0.505550556251251;178.237396240234;0;-894.661644904666;443.488764060256;-0.00298650353215635;7.56752478991984E-06;0.000845880422275513;0.00124268746003509;2.20608908421127E-05;-0.00410179374739528
00:04:19;18510.2225814518;27.5410308837891;-80.6373901367188;0.0759317427873611;0.573532383735416;178.244583129883;-3.85155362891965E-06;-882.747482538107;432.795637889438;-0.00300095207057893;7.82700772106182E-06;0.00085641915211454;0.00125347159337252;1.34304746097769E-05;-0.00412295153364539
00:04:20;17617.1586075416;27.5371284484863;-80.6375274658203;0.0759317427873611;0.64371804821199;178.251205444336;-9.6285407380492E-07;-868.188993951748;420.926110232285;-0.00305965449661016;7.57245516069815E-06;0.000872721429914236;0.00128223339561373;2.09491245186655E-05;-0.00420176470652223
00:04:21;16740.3412572099;27.5333404541016;-80.6376571655273;0.0759317427873611;0.712821888901714;178.257232666016;-9.62820877248305E-07;-850.946040587057;407.88989373249;-0.00311943050473928;7.67706569604343E-06;0.000896451063454151;0.00131539185531437;1.68914193636738E-05;-0.00428400840610266
00:04:22;15882.4804537511;27.5296745300293;-80.6377868652344;0.0759317427873611;0.776773466591905;178.2626953125;-9.6278870387323E-07;-831.09379324562;393.753397015138;-0.00315737538039684;7.28417489881394E-06;0.000911235401872545;0.00134154956322163;2.22215239773504E-05;-0.00433413870632648
00:04:23;15046.1410583099;27.5261421203613;-80.6379013061523;0.0759317427873611;0.831465403205794;178.267532348633;3.85103112421348E-06;-808.83919706611;378.645697634964;-0.00323130609467626;6.96509687259095E-06;0.000938174081966281;0.00138512440025806;2.65120124822715E-05;-0.00443371664732695
00:04:24;14233.6192548247;27.5227527618408;-80.6380157470703;0.0759317427873611;0.875396901383469;178.271743774414;9.62728108788724E-07;-784.486921183674;362.738529148467;-0.00330079765990376;6.68855591356987E-06;0.000959145312663168;0.00142090185545385;3.35746008204296E-05;-0.00452717812731862
00:04:25;13446.8914556773;27.519510269165;-80.6381301879883;0.0759317427873611;0.908719860992456;178.275421142578;-2.88809928861156E-06;-758.350992589676;346.204488000375;-0.00338382413610816;6.73924478178378E-06;0.000987349543720484;0.00146263337228447;3.31263290718198E-05;-0.00464074872434139
00:04:26;12687.6038687155;27.5164222717285;-80.6382369995117;0.0759317427873611;0.930668077410729;178.278594970703;9.62672743298754E-07;-730.76982032705;329.223015184593;-0.00347905303351581;6.93033553034184E-06;0.00101931381504983;0.00150843511801213;3.06866058963351E-05;-0.00477160420268774
00:04:27;11957.042437843;27.5134887695313;-80.6383361816406;0.0759317427873611;0.940918832049669;178.28125;9.62647163760266E-07;-702.109187721104;311.981195544582;-0.00358940125443041;6.79610957377008E-06;0.00105153385084122;0.00156047672498971;3.76010975742247E-05;-0.00492131011560559
00:04:28;11256.1079733595;27.5107154846191;-80.638427734375;0.0759317427873611;0.939611585724226;178.28352355957;4.81311417388497E-06;-672.756392095332;294.670188763571;-0.00371249509043992;6.92888352205046E-06;0.00108866475056857;0.00161641580052674;3.96873292629607E-05;-0.00508967833593488
00:04:29;10585.3056924958;27.5080986022949;-80.6385192871094;0.0759317427873611;0.927905159185623;178.285491943359;0;-643.094393934452;277.473067978025;-0.00384342321194708;6.56799966236576E-06;0.00113459897693247;0.00168926548212767;4.47929523943458E-05;-0.00526682287454605
00:04:30;9944.76244899072;27.5056381225586;-80.6385955810547;0.0759317427873611;0.907299435118487;178.287261962891;9.62578155849769E-07;-613.480716300722;260.555421267526;-0.00398646527901292;6.15871476838947E-06;0.00117384654004127;0.00175701128318906;5.95478886680212E-05;-0.00545958057045937
00:04:31;9334.2580428971;27.5033302307129;-80.6386795043945;0.0759317427873611;0.879463943501091;178.288757324219;-9.6255814696633E-07;-584.237586849138;244.061478649376;-0.0041396333836019;4.86387079945416E-06;0.00121708842925727;0.00184174661990255;8.82006570464E-05;-0.00566199095919728
00:04:32;8753.26230471767;27.5011692047119;-80.6387481689453;0.0759317427873611;0.846140130390489;178.290176391602;-6.73777367410366E-06;-555.663548563657;228.119293216288;-0.00429887138307095;2.98285044664226E-06;0.00126690929755569;0.0019421256147325;0.000122372264740989;-0.00587014714255929
00:04:33;8200.84782838076;27.499153137207;-80.6388168334961;0.0759317427873611;0.809736450030242;178.291488647461;3.85008615921834E-06;-528.277588802759;212.939788912477;-0.00446149567142129;3.65378241440339E-06;0.00131864042486995;0.00201261299662292;0.000114835958811454;-0.00609514256939292
00:04:34;7675.53148818947;27.4972705841064;-80.6388778686523;0.0759317427873611;0.772772314780406;178.292831420898;1.92501011042623E-06;-502.545365665284;198.700768758609;-0.00462319562211633;3.43157080351375E-06;0.00136417418252677;0.00208766432479024;0.000126568644191138;-0.00631418824195862
00:04:35;7175.52711380087;27.4955139160156;-80.6389389038086;0.0759317427873611;0.736896586552399;178.29411315918;-2.88746969090425E-06;-478.615376543628;185.444025470081;-0.00478444388136268;3.84990289603593E-06;0.00141112075652927;0.00215593376196921;0.000126792976516299;-0.00653581274673343
00:04:36;6699.01578231808;27.4938735961914;-80.6389923095703;0.0759317427873611;0.702588528282389;178.295364379883;0;-456.41120734544;173.119798368869;-0.00493459869176149;3.79800212613191E-06;0.00145837559830397;0.00222904025577009;0.000130908330902457;-0.00674031116068363
00:04:37;6244.40229523275;27.4923419952393;-80.639045715332;0.0759317427873611;0.668986459086483;178.296600341797;-9.62461967901618E-07;-435.57900126772;161.574690001022;-0.00508823851123452;3.90462309951545E-06;0.00150318734813482;0.00229793344624341;0.000135689828312024;-0.00695007760077715
00:04:38;5810.51375006326;27.4909133911133;-80.6390914916992;0.0759317427873611;0.635243257880221;178.297882080078;9.62449576036306E-07;-415.64351147933;150.618223424465;-0.0052367108874023;3.79745574718982E-06;0.00154556368943304;0.00236632605083287;0.000144403078593314;-0.0071516721509397
00:04:39;5397.31633323058;27.4895858764648;-80.6391372680664;0.0759317427873611;0.596132139061679;178.299255371094;0;-394.464731984062;139.477381006558;-0.00541358161717653;3.56563873538107E-06;0.00159584963694215;0.00244905799627304;0.000156538357259706;-0.00739125860854983
00:04:40;5007.48793338332;27.4883632659912;-80.6391754150391;0.0759317427873611;0.544741207407288;178.301025390625;9.6242740710295E-07;-369.793020734805;127.394833274161;-0.00565648265182972;3.60957528755534E-06;0.00166654016356915;0.00255954265594482;0.00016616859647911;-0.00772222690284252
00:04:41;4644.10378936492;27.4872550964355;-80.6392135620117;0.0759317427873611;0.485805760679835;178.303421020508;9.62417630034906E-07;-343.318393574278;115.017347741733;-0.00595875596627593;3.7472020721907E-06;0.00175194768235087;0.00269327708519995;0.000179189621121623;-0.00813429616391659
00:04:42;4306.12603002135;27.4862518310547;-80.6392517089844;0.0759317427873611;0.436591751599598;178.306655883789;1.92481752492313E-06;-321.303178310087;104.458140302546;-0.00621358072385192;3.33135449182009E-06;0.00182598049286753;0.00281548080965877;0.000196334294741973;-0.00847917050123215
00:04:43;3985.75796844531;27.4853324890137;-80.6392822265625;0.0759317427873611;0.411546455618242;178.310394287109;0;-308.390304181489;97.13401437253;-0.00631555775180459;2.88477372123452E-06;0.00185422226786613;0.00286688935011625;0.000208631812711246;-0.00861562695354223
00:04:44;3675.31980875041;27.484468460083;-80.6393051147461;0.0759317427873611;0.401925460147366;178.314529418945;-1.92478637472959E-06;-301.080303283451;91.7812182297479;-0.00629256246611476;2.49238996730128E-06;0.00184899382293224;0.00286334799602628;0.000212089638807811;-0.00858244206756353
00:04:45;3370.74853658956;27.4836483001709;-80.6393356323242;0.0759317427873611;0.399776390541;178.318832397461;-3.84954455512343E-06;-296.506191041384;87.4239687830044;-0.00621879007667303;2.77982553598122E-06;0.00182468129787594;0.00282263546250761;0.000207422694074921;-0.00848322547972202
00:04:46;3070.07139146328;27.4828643798828;-80.6393585205078;0.0759317427873611;0.401285907350378;178.323043823242;3.84951681553503E-06;-293.258440235504;83.5955648517502;-0.00611099414527416;3.1868762562226E-06;0.00179268617648631;0.00276682223193347;0.000197597313672304;-0.00833854079246521
00:04:47;2772.35050110053;27.4821147918701;-80.6393890380859;0.0759317427873611;0.404514624129591;178.327423095703;-9.62372610047169E-07;-290.60804858841;80.0624999062544;-0.00598921673372388;3.26101803693746E-06;0.00175941956695169;0.00271216267719865;0.00018929444195237;-0.00817335024476051
00:04:48;2477.20578495413;27.4813976287842;-80.6394119262695;0.0759317427873611;0.408386208843266;178.331695556641;-1.92473294191586E-06;-288.170564346108;76.7060171997801;-0.00586670869961381;2.76164769275056E-06;0.00172055384609848;0.00266013434156775;0.000194379012100399;-0.00800355896353722
00:04:49;2184.47588975169;27.4807090759277;-80.6394348144531;0.0759317427873611;0.412647266880346;178.335815429688;-2.88708110929292E-06;-285.866850220843;73.4982612602156;-0.00573594169691205;2.62525441030448E-06;0.00168371712788939;0.00260342075489461;0.000189650178072043;-0.0078249229118228
00:04:50;1894.0348449517;27.4800510406494;-80.6394500732422;0.0759317427873611;0.41703044768746;178.339859008789;9.62354647526809E-07;-283.679415897089;70.4294742656938;-0.00560439517721534;2.39398696066928E-06;0.00164548482280225;0.00254661100916564;0.000187336234375834;-0.00764458626508713
00:04:51;1605.76689980552;27.479419708252;-80.6394729614258;0.0759317427873611;0.421476580353093;178.343811035156;0;-281.603281367043;67.4935129857156;-0.00547288870438933;2.16469356928428E-06;0.00161038863006979;0.00249279895797372;0.000181875177077018;-0.00746467197313905
00:04:52;1319.56173333712;27.4788131713867;-80.6394958496094;0.0759317427873611;0.426052925689709;178.347595214844;0;-279.631722682293;64.6839810147096;-0.00533719221130013;1.84203088338109E-06;0.00156958517618477;0.00243417429737747;0.000181929222890176;-0.00727802235633135
00:04:53;1035.317483983;27.4782333374023;-80.6395111083984;0.0759317427873611;0.430814027609865;178.351165771484;6.73637123327353E-06;-277.755076086266;61.9941831825004;-0.00520525733008981;2.32087404583581E-06;0.00153086171485484;0.00236617680639029;0.000170213985256851;-0.00710099888965487
00:04:54;752.943290240131;27.4776782989502;-80.639533996582;0.0759317427873611;0.435804993614753;178.354553222656;0;-275.961600182685;59.4171670367931;-0.00506952637806535;2.2136443931231E-06;0.00149579474236816;0.00230971933342516;0.000161521238624118;-0.00691617513075471
00:04:55;472.361109537072;27.477144241333;-80.6395492553711;0.0759317427873611;0.441064541342997;178.357696533203;-2.88698788608599E-06;-274.238007640242;56.9461706006103;-0.00493637612089515;2.16377384276711E-06;0.00145682401489466;0.00224919151514769;0.000156838228576817;-0.00673461891710758
00:04:56;193.507023357786;27.4766330718994;-80.6395645141602;0.0759317427873611;0.446623939060843;178.360580444336;2.88697424366546E-06;-272.569991562288;54.5745012106284;-0.00480319559574127;1.95726238416682E-06;0.00141716608777642;0.00219043856486678;0.000154921566718258;-0.00655205873772502
