TIME;ALT;LAT;LON;MASS;DYNPRESS;BEARING;HEADING;VERTSPEED;GROUNDSPEED;ANGMOMX;ANGMOMY;ANGMOMZ;ANGVELX;ANGVELY;ANGVELZ;MACH;TEMP_K;AIRDENS;PRESS_PA;THRUST
00:00:00;98.1319885104895;28.6083850860596;-80.5997467041016;0.27646541595459;4.20320130549988E-12;89.9945068359375;1.94500739780779E-06;0.533512531014921;0.090466097353986;0.000540411216206849;-3.1404309993377E-05;0.00333362631499767;-0.00139564287383109;0.0016022379277274;0.00012773132766597;0.00160670129199449;282.248992919922;1.23616147863184;100156.059265137;26.1466341018677
00:00:00;144.192024130374;28.6083850860596;-80.5998382568359;0.262616276741028;0.0366546039073616;90.3393478393555;-5.83502242079703E-06;87.0223188187679;18.2378420532381;0.00372877926565707;-0.0187761038541794;0.0240788906812668;-0.249923959374428;-0.115336455404758;0.00635403394699097;0.264054392999342;282.127258300781;1.22997096355994;99611.5112304687;26.1589288711548
00:00:02;282.318423449993;28.6083831787109;-80.6001510620117;0.248767152428627;0.169948619385258;90.4815673828125;-2.91751143777219E-06;177.572302417944;40.3042149175002;0.00979992933571339;-0.0342635661363602;0.0172469429671764;-0.463334232568741;-0.230207934975624;0.0207787174731493;0.541133524194244;281.747589111328;1.211629878265;97994.0719604492;26.1957426071167
00:00:03;516.600076440722;28.6083793640137;-80.6007080078125;0.234918028116226;0.405218673232954;90.5210571289063;1.94500739780779E-06;271.456732569766;64.5720285009982;0.0134694799780846;-0.0460807420313358;0.00557670556008816;-0.6234490275383;-0.317092597484589;0.0366668626666069;0.830249237336755;281.054351806641;1.18126632789092;95303.2608032227;26.2522439956665
00:00:04;847.677667588927;28.6083717346191;-80.6015319824219;0.221068888902664;0.714798080209864;90.591552734375;1.94500717043411E-06;360.720863506438;88.7924258680774;0.0103060668334365;-0.0599125660955906;-0.00414159614592791;-0.819539427757263;-0.421277731657028;0.0555007755756378;1.10748588903787;279.973205566406;1.13988126544707;91610.595703125;26.3195581436157
00:00:05;1262.55283370707;28.608362197876;-80.6025924682617;0.207219764590263;1.01538779318508;90.7195434570313;-2.91751030090381E-06;436.258172566185;110.325087028531;0.00226151500828564;-0.0628319084644318;-0.00855942908674479;-0.869550943374634;-0.447683304548264;0.0649568811058998;1.34516182317337;278.460052490234;1.09037379068482;87158.1344604492;26.3854532241821
00:00:06;1759.79153180216;28.6083469390869;-80.6038970947266;0.193370625376701;1.37512993319863;90.8099060058594;-9.72503357843379E-07;518.61342794794;133.919061389229;-0.00538676651194692;-0.068659707903862;-0.00415560277178884;-0.957628011703491;-0.493811935186386;0.0776319950819016;1.60700728798333;276.432067871094;1.03422146924745;82067.5735473633;26.4415149688721
00:00:08;2857.78071118984;28.6083106994629;-80.6068572998047;0.137892335653305;1.1313377363914;90.801025390625;-1.94500580619206E-06;485.097665080864;130.258107537441;-0.00202120328322053;-0.0131892990320921;0.0027633982244879;-0.247534543275833;-0.123377032577991;0.0228884760290384;1.52133559007568;271.235809326172;0.92117896922335;71723.3657836914;4.5760817527771
00:00:09;3358.95451289508;28.6082935333252;-80.6082458496094;0.135843396186829;1.03687458359915;90.7861328125;1.94500626093941E-06;479.171087024879;131.487770374111;-0.00218619429506361;-0.00631573051214218;0.00342523748986423;-0.120037414133549;-0.0561695024371147;0.0110077746212482;1.51238789896222;268.587890625;0.874002557844047;67385.856628418;4.5768141746521
00:00:10;3855.0355005404;28.6082763671875;-80.6096572875977;0.133794441819191;0.9700789969137;90.7771301269531;-9.72502903096029E-07;475.218013666997;133.295254706923;-0.00181573664303869;-0.00315768434666097;0.00370619259774685;-0.0613084435462952;-0.0255631878972054;0.00562782632187009;1.51004037617042;265.828857421875;0.829694404922265;63312.5648498535;4.57623434066772
00:00:11;4347.93100442179;28.6082592010498;-80.6110916137695;0.131745502352715;0.914475839305343;90.7693176269531;-1.94500535144471E-06;472.973277721706;135.625118706974;-0.00167264533229172;-0.00164168328046799;0.00387944187968969;-0.0331644341349602;-0.0108169913291931;0.00283054448664188;1.51352664337994;262.974243164063;0.787816522782185;59471.3668823242;4.57469797134399
00:00:12;4839.30187525507;28.6082420349121;-80.612548828125;0.129696547985077;0.867660063980132;90.76220703125;-9.72502448348678E-07;472.226189829019;138.438581681362;-0.00159831682685763;-0.000883944041561335;0.00399319687858224;-0.0191180370748043;-0.00342223513871431;0.00135006755590439;1.52225063769038;260.038391113281;0.748018583914339;55836.6661071777;4.57247543334961
00:00:13;5330.612551664;28.6082248687744;-80.6140365600586;0.127647593617439;0.827790037675681;90.7557067871094;-9.7250233466184E-07;472.80662400268;141.705562406396;-0.00156295101623982;-0.000492081919219345;0.00408177776262164;-0.0118750873953104;0.000433873676229268;0.000540622510015965;1.53573799671467;257.035278320313;0.710013006129952;52387.6190185547;4.5697717666626
00:00:14;5823.16689346079;28.6082077026367;-80.6155624389648;0.125598639249802;0.793425863734705;90.7496337890625;-2.91750643555133E-06;474.573855230731;145.402260239232;-0.00154884846415371;-0.000282212509773672;0.00414860947057605;-0.0080105708912015;0.00252149323932827;7.99693298176862E-05;1.55360000582969;253.979064941406;0.67356685198548;49107.5477600098;4.56674718856812
00:00:15;6318.13463654462;28.6081886291504;-80.6171340942383;0.123549699783325;0.763416882837046;90.7438278198242;-5.83501196160796E-06;477.409280040356;149.509265915899;-0.00154992879834026;-0.000166642174008302;0.00419801427051425;-0.00589383533224463;0.00368770584464073;-0.000196307213627733;1.57550918392884;250.884506225586;0.638489375201398;45982.982635498;4.56352758407593
00:00:16;6816.5718044797;28.6081714630127;-80.6187515258789;0.121500745415688;0.736826634609289;90.7384338378906;1.9450035324553E-06;481.211934755745;154.010526046606;-0.00154941994696856;-0.000100923047284596;0.00424219481647015;-0.00470022670924664;0.00437011756002903;-0.000355618598405272;1.60118254841571;247.767608642578;0.604622999998297;43003.0059814453;4.56021022796631
00:00:17;7319.43742501177;28.6081523895264;-80.6204147338867;0.119451798498631;0.71300811981651;90.7333374023438;2.9175048439356E-06;485.895138319788;158.892733866178;-0.00155291333794594;-6.20802966295742E-05;0.00426700850948691;-0.00399636663496494;0.00477369083091617;-0.000460497802123427;1.63036918896262;244.645904541016;0.571835773792514;40158.6303710938;4.55687427520752
00:00:18;7827.60447649937;28.60813331604;-80.6221313476563;0.117402851581573;0.691758168458773;90.7283935546875;-1.94500285033428E-06;491.380140250439;164.143269306434;-0.00155771523714066;-3.98136617150158E-05;0.00429008947685361;-0.00359980296343565;0.0050174156203866;-0.000524521863553673;1.66282619850445;241.538864135742;0.540014446057589;37442.2569274902;4.55358076095581
00:00:19;8341.87589739822;28.6081142425537;-80.623908996582;0.115353897213936;0.67244707324774;90.7235717773438;1.9450026229606E-06;497.61345975859;169.756576581841;-0.00155656400602311;-2.70046748482855E-05;0.00430202297866344;-0.00337077234871686;0.00515675405040383;-0.000558646570425481;1.69830941795605;238.486618041992;0.509023348056899;34847.4769592285;4.55037641525269
00:00:20;8863.01302821934;28.6080932617188;-80.6257476806641;0.113304950296879;0.654444193719758;90.7191162109375;-9.72501084106625E-07;504.566811260091;175.734477855648;-0.00155661627650261;-1.81638879439561E-05;0.00430905632674694;-0.00321306590922177;0.00525280134752393;-0.0005850272718817;1.73652259534144;235.560440063477;0.478702043531018;32369.5945739746;4.54730081558228
00:00:21;9391.7581118932;28.6080722808838;-80.6276550292969;0.111256003379822;0.637405479287189;90.7147903442383;3.89000388167915E-06;512.230259174476;182.084583744957;-0.00155639415606856;-1.23763402370969E-05;0.0043108994141221;-0.0031090616248548;0.00531367491930723;-0.000603796448558569;1.77745681865007;232.762283325195;0.449069310517792;30005.1364898682;4.54438066482544
00:00:22;9928.85125585925;28.6080513000488;-80.6296234130859;0.109207049012184;0.621060366512268;90.7105102539063;9.72500629359274E-07;520.609467527378;188.819843476701;-0.00154955056495965;-9.08091169549152E-06;0.00430308282375336;-0.00304372771643102;0.00533824227750301;-0.00060924852732569;1.82117058107663;230.089431762695;0.42016126042017;27751.2340545654;4.54163789749146
00:00:23;10475.0473547801;28.6080284118652;-80.6316757202148;0.107158102095127;0.605182848701783;90.7065124511719;0;529.727194376102;195.959369928655;-0.0015453431988135;-6.88304862705991E-06;0.00428700633347034;-0.00299510685727;0.00534307770431042;-0.000617234327364713;1.86777945410687;227.539489746094;0.392016917005271;25605.3791046143;4.53908777236938
00:00:24;11031.1350520058;28.6080055236816;-80.6337966918945;0.105109147727489;0.589591560577426;90.7024841308594;-2.91750075120945E-06;539.625681989334;203.529906343837;-0.00153461447916925;-5.81651602260536E-06;0.00426903879269958;-0.00296410918235779;0.00533380964770913;-0.000613483192864805;1.91746688464152;225.110290527344;0.364679610857538;23565.4888153076;4.53673791885376
00:00:25;11597.9586129785;28.6079807281494;-80.6360015869141;0.103060200810432;0.574143734055266;90.69873046875;1.9449998944765E-06;550.369863456813;211.567592990255;-0.00152885739225894;-4.03762351197656E-06;0.00424238154664636;-0.00291702267713845;0.00532162887975574;-0.000621759390924126;1.97049811539476;222.7998046875;0.338194575303074;21629.7283172607;4.534592628479
00:00:27;12176.4438441126;28.6079578399658;-80.638298034668;0.101011253893375;0.558726992657314;90.6949462890625;-1.94499943972914E-06;562.051609813475;220.120212548395;-0.00151137914508581;-3.3155436085508E-06;0.00421195244416595;-0.00288314209319651;0.00529295764863491;-0.000612078583799303;2.02723869789942;220.605941772461;0.31260500132124;19796.2417602539;4.53265190124512
00:00:28;12767.6165951584;28.607931137085;-80.6406860351563;0.0989622995257378;0.543229483087967;90.6913452148438;-1.94499921235547E-06;574.759133266994;229.23595268911;-0.00149853003676981;-5.38573294761591E-06;0.00416622404009104;-0.00289418012835085;0.00522068561986089;-0.000601889041718096;2.08804650653083;218.52653503418;0.287953101541189;18063.2362365723;4.53091096878052
00:00:29;13372.5695723481;28.6079044342041;-80.643180847168;0.0969133526086807;0.527610857792186;90.6879348754883;5.83499559070333E-06;588.538500646694;238.947055774134;-0.00148056773468852;-4.38479219155852E-06;0.00411472981795669;-0.00284362211823463;0.00516901211813092;-0.000599611084908247;2.15312874236763;216.559432983398;0.264280169265042;16429.0065765381;4.52936220169067
00:00:30;13992.4410594068;28.6078777313232;-80.6457748413086;0.0948644056916237;0.511712949271997;90.6845626831055;-3.88999660572154E-06;603.435357806903;249.286464809484;-0.00145687884651124;-3.65360438081552E-06;0.00406034663319588;-0.00279424199834466;0.00511032156646252;-0.000589775794651359;2.22269111474351;214.702453613281;0.241624677188019;14891.82472229;4.5279974937439
00:00:31;14628.4210380176;28.6078491210938;-80.6484832763672;0.0928154513239861;0.49534567790571;90.6813583374023;-5.83499286221922E-06;619.503540929962;260.290981315786;-0.00143609079532325;-3.33012690134638E-06;0.00400111917406321;-0.00275085563771427;0.00504239089787006;-0.000583447515964508;2.29696941906284;212.953277587891;0.220018647188222;13449.7261047363;4.52680492401123
00:00:32;15281.7599567641;28.6078205108643;-80.6513137817383;0.090766504406929;0.478276083492485;90.6782760620117;-6.80749008097337E-06;636.805385252984;272.001649764189;-0.0014086808077991;-2.7831645184051E-06;0.00393552053719759;-0.0026972945779562;0.00496764667332172;-0.000571635784581304;2.37598034160599;211.354110717773;0.199464750737489;12101.7026901245;4.52577352523804
00:00:33;15953.7816391774;28.6077899932861;-80.6542663574219;0.0887175500392914;0.459646388906017;90.67529296875;0;655.422942895895;284.468678823939;-0.00138841336593032;-2.34005278798577E-06;0.00386051787063479;-0.00264353863894939;0.00488151283934712;-0.000571509008295834;2.45795458679001;210.25764465332;0.179721291412555;10847.282409668;4.5248908996582
00:00:34;16645.9081833232;28.6077575683594;-80.6573638916016;0.0866686031222343;0.439427644009639;90.6725463867188;0;675.45842484849;297.752101147583;-0.0013613817282021;-2.40826943809225E-06;0.00378084182739258;-0.0025939061306417;0.00478382688015699;-0.000561685010325164;2.54272604818981;209.710571289063;0.160902205484051;9686.16676330566;4.52414274215698
00:00:35;17359.6678484175;28.607723236084;-80.6606063842773;0.0846196562051773;0.418042403952564;90.6698303222656;2.91749302050448E-06;697.011706022698;311.91220647274;-0.00133076461497694;-2.43575391323247E-06;0.00369901931844652;-0.00254083750769496;0.00468322355300188;-0.000548091134987772;2.63064007481342;209.668579101563;0.143180511337922;8617.61093139648;4.52351760864258
00:00:36;18096.6876904387;28.6076889038086;-80.6640014648438;0.0825707018375397;0.395971558328194;90.6672668457031;2.91749211100978E-06;720.172744637532;327.006075648831;-0.00130157766398042;-2.77824506156321E-06;0.00361171504482627;-0.00249120290391147;0.00457313004881144;-0.000536417530383915;2.72210836787411;210.075592041016;0.126682835020977;7639.46580886841;4.52299976348877
00:00:37;18858.6835860498;28.6076526641846;-80.6675567626953;0.0805217549204826;0.3736262397018;90.6648025512695;4.86248518427601E-06;745.022932240242;343.087735108374;-0.00126425817143172;-2.64248478742957E-06;0.0035253909882158;-0.00242972141131759;0.00446727825328708;-0.000516397005412728;2.81764557284624;210.860473632813;0.111489667318662;6748.37827682495;4.52257633209229
00:00:38;19635.3811161425;28.6076164245605;-80.6712341308594;0.0798287317156792;0.326295195850039;90.6626586914063;-2.9174900646467E-06;737.452056414632;344.321550487359;-0.00126923958305269;-2.54094379670278E-06;0.00358298001810908;-0.00246049370616674;0.00454061292111874;-0.000505623524077237;2.78886562465636;211.915542602539;0.0978410190610865;5951.86948776245;0
00:00:39;20389.9519714909;28.6075782775879;-80.6748580932617;0.0798287317156792;0.27011828414467;90.6611633300781;0;714.466029310108;338.356287996137;-0.00133833836298436;-2.43736826632812E-06;0.00373928644694388;-0.00257001514546573;0.00474251806735992;-0.000546458293683827;2.70157598378885;213.064422607422;0.0862112062938649;5272.83620834351;0
00:00:40;21121.7107982989;28.6075420379639;-80.6784210205078;0.0798287317156792;0.225617774952861;90.659423828125;1.94499193639786E-06;693.474157068927;333.250100202332;-0.00138558237813413;-2.36014466281631E-06;0.00386590464040637;-0.00265501299872994;0.00490479823201895;-0.000568305840715766;2.62244622663842;214.182022094727;0.0763210333299031;4692.42000579834;0
00:00:41;21832.5241937935;28.6075077056885;-80.6819381713867;0.0798287317156792;0.190020289907776;90.6582641601563;9.72495627138414E-07;674.100667235867;328.845680559958;-0.00144163158256561;-2.48999367613578E-06;0.00401681335642934;-0.00276024080812931;0.00509617850184441;-0.00059278606204316;2.5502628140773;215.225891113281;0.0678737352233836;4193.39609146118;0
00:00:42;22523.9140890548;28.6074714660645;-80.6854095458984;0.0798287317156792;0.161203960664288;90.657096862793;-3.88998068956425E-06;656.053572404735;325.020873473604;-0.00149038550443947;-2.34564640777535E-06;0.00415916554629803;-0.00285275047644973;0.00527856964617968;-0.000612165313214064;2.48374475331297;216.216857910156;0.0606028761040674;3761.42501831055;0
00:00:43;23197.1345644807;28.6074371337891;-80.6888427734375;0.0798287317156792;0.137621006423704;90.656135559082;8.75245405040914E-06;639.105264642549;321.679930336682;-0.00154478067997843;-2.29706756726955E-06;0.00430225022137165;-0.00295001571066678;0.00546170631423593;-0.000637963297776878;2.42192230109205;217.167831420898;0.0543111824428893;3385.74600219727;0
00:00:44;23853.2291100854;28.6074028015137;-80.6922378540039;0.0798287317156792;0.118151374947734;90.655387878418;-5.83496785111493E-06;623.075101467327;318.746495104427;-0.00159813219215721;-2.35548668570118E-06;0.0044531743042171;-0.00305269146338105;0.00565340835601091;-0.000659414217807353;2.36402766492417;218.08984375;0.0488408631960513;3057.65438079834;0
00:00:45;24493.0729903476;28.6073703765869;-80.6956024169922;0.0798287317156792;0.101940530519197;90.6546936035156;-9.72494376583199E-07;607.818040830239;316.159241641763;-0.00165273307356983;-2.26062388719583E-06;0.00460271630436182;-0.00315250200219452;0.00584490923210979;-0.00068382202880457;2.30944703447209;218.992324829102;0.044058749554904;2769.68693733215;0
00:00:46;25117.4058835516;28.6073360443115;-80.6989517211914;0.0798287317156792;0.0883519649770902;90.6541137695313;0;593.216554507461;313.868124770464;-0.00171011826023459;-2.21195341509883E-06;0.00475660199299455;-0.00325671304017305;0.00604166090488434;-0.000710169319063425;2.2576852313146;219.883346557617;0.0398627336852072;2516.10660552979;0
00:00:47;25726.8567519039;28.6073036193848;-80.7022705078125;0.0798287317156792;0.0768931039747789;90.6535949707031;0;579.17402308758;311.831811225161;-0.00176919903606176;-2.3247027911566E-06;0.00491302134469152;-0.00336597021669149;0.00624028686434031;-0.000736851303372532;2.20833800073112;220.769821166992;0.0361685757558241;2292.13786125183;0
00:00:48;26321.9632962495;28.6072692871094;-80.70556640625;0.0798287317156792;0.0671711700180854;90.6531677246094;9.72493580775335E-07;565.610655511259;310.015967515056;-0.00182455871254206;-2.30170394388551E-06;0.00507637532427907;-0.00347431842237711;0.00644829217344522;-0.000757635978516191;2.16107437485403;221.657623291016;0.0329029543309738;2093.5685634613;0
00:00:49;26903.1876560431;28.6072368621826;-80.7088470458984;0.0798287317156792;0.0588809812874974;90.6528244018555;-5.83495875616791E-06;552.460158642868;308.391946613543;-0.00188814802095294;-2.05383889806399E-06;0.00524501223117113;-0.00358546827919781;0.00666562467813492;-0.000788730336353183;2.11562214048878;222.551773071289;0.0300071698905923;1917.01591014862;0
00:00:50;27470.9288568143;28.6072044372559;-80.7121124267578;0.0798287317156792;0.0517816497607681;90.6523742675781;0;539.666808000402;306.935556008404;-0.00194777909200639;-1.59009459821391E-06;0.00541322352364659;-0.00369051215238869;0.00688389176502824;-0.000816510699223727;2.07175594107715;223.456436157227;0.0274332826038811;1759.70661640167;0
00:00:51;28025.532737527;28.6071720123291;-80.7153549194336;0.0798287317156792;0.0456754164994786;90.6520385742188;2.91747755909455E-06;527.183648806364;305.62609790361;-0.0020119019318372;-1.53186408624606E-06;0.00559560442343354;-0.00381205440498888;0.00711664976552129;-0.000842938432469964;2.02928860527029;224.375091552734;0.0251387823464951;1619.15528774261;0
00:00:53;28567.3002154762;28.6071395874023;-80.7185897827148;0.0798287317156792;0.0404010957371743;90.6519775390625;-9.72492216533283E-07;514.971037788164;304.446234306256;-0.00207702466286719;-1.26144493606262E-06;0.00577854551374912;-0.00393059803172946;0.00735202757641673;-0.000871996919158846;1.98806578280628;225.310546875;0.0230871646984284;1493.21293830872;0
00:00:54;29096.4954414079;28.6071071624756;-80.7218170166016;0.0798287317156792;0.0358310802692485;90.6519165039063;9.72491989159607E-07;502.997949456148;303.382710092173;-0.0021476096007973;-1.11792451207293E-06;0.00596287893131375;-0.00405511911958456;0.00758848106488585;-0.000906549510546029;1.94796977358926;226.265029907227;0.0212493693610784;1380.17165660858;0
00:00:55;29613.353836217;28.6070747375488;-80.7250289916992;0.0798287317156792;0.0318593668280055;90.6513595581055;-5.83495011596824E-06;491.239036124859;302.424702818657;-0.00221741548739374;-7.52892901800806E-07;0.0061656623147428;-0.00418409518897533;0.00784970540553331;-0.000936404860112816;1.90890733733366;227.240264892578;0.0195998567462219;1278.52082252502;0
00:00:56;30118.0855332129;28.6070423126221;-80.7282333374023;0.0798287317156792;0.0283962864826331;90.6516036987305;-4.86245653519291E-06;479.670936526389;301.562320107746;-0.00228918809443712;-6.31182047072798E-07;0.00636539468541741;-0.00431698700413108;0.00810524262487888;-0.000967815518379211;1.8707997463078;228.236602783203;0.0181156691025126;1186.88678741455;0
00:00:57;30610.877619219;28.6070117950439;-80.7314224243164;0.0798287317156792;0.0253668823123353;90.6511840820313;9.72491079664906E-07;468.272542462993;300.786202627286;-0.00236666994169354;-5.19234617968323E-07;0.00657506799325347;-0.00445808609947562;0.00837346818298101;-0.00100328761618584;1.83366104705073;229.233276367188;0.0167768539718239;1103.97136211395;0
00:00:58;31091.8962091105;28.6069793701172;-80.7346115112305;0.0798287317156792;0.0227114456933648;90.6514205932617;-3.88996295441757E-06;457.024690377944;300.087771854232;-0.0024426004383713;-4.06935498631356E-07;0.00679458165541291;-0.00460277497768402;0.00865393131971359;-0.00103406107518822;1.79746291042283;230.220291137695;0.0155681285521239;1028.84423732758;0
00:00:59;31561.2885235725;28.6069469451904;-80.7377853393555;0.0798287317156792;0.0203795933285016;90.6509704589844;0;445.910049416832;299.459094615313;-0.00252910726703703;-1.05033791442111E-07;0.0070195198059082;-0.00475310580804944;0.00894333980977535;-0.00107779016252607;1.76214677278159;231.196548461914;0.0144761683539522;960.73716878891;0
00:01:00;32019.1846623048;28.6069164276123;-80.7409591674805;0.0798287317156792;0.0183279523765387;90.6513671875;9.72490283857042E-07;434.913082395474;298.892869405472;-0.00260898005217314;-1.89312117981899E-07;0.00725333113223314;-0.00491010677069426;0.00924035254865885;-0.00110772554762661;1.72766078097193;232.161010742188;0.013488866866054;898.947596549988;0
00:01:01;32465.6995014818;28.6068840026855;-80.7441253662109;0.0798287317156792;0.0165191668102864;90.65087890625;1.94497965821938E-06;424.019915297876;298.382463790332;-0.00269746826961637;-9.79526291189359E-08;0.0074980310164392;-0.00507438043132424;0.00955289322882891;-0.00114649627357721;1.69395942008215;233.112716674805;0.012595243857281;842.834234237671;0
00:01:02;32900.9342631279;28.6068534851074;-80.7472839355469;0.0798287317156792;0.0149210534262937;90.6513671875;-9.72489715422853E-07;413.218193306877;297.921928972622;-0.00278756069019437;-5.99923737354402E-08;0.00774454418569803;-0.00524134933948517;0.00986738409847021;-0.00118627981282771;1.6610033589457;234.050720214844;0.0117853453645751;791.81170463562;0
00:01:03;33324.9781744005;28.6068210601807;-80.7504348754883;0.0798287317156792;0.0135057228186124;90.65087890625;0;402.497099916062;297.50576096115;-0.00288087292574346;-1.94277220089134E-07;0.00801466498523951;-0.00542389089241624;0.0102103427052498;-0.00122174259740859;1.62875874439763;234.974166870117;0.0110501672336791;745.347142219543;0
00:01:04;33737.9098037593;28.6067905426025;-80.7535858154297;0.0798287317156792;0.0122490065514006;90.6510620117188;-2.9174668725318E-06;391.846943500525;297.129251791308;-0.00298298476263881;-3.27143965250798E-07;0.00827816966921091;-0.00560928694903851;0.0105452528223395;-0.00126953434664756;1.5971970387214;235.882217407227;0.0103815673729504;702.955365180969;0
00:01:05;34139.7982780086;28.6067581176758;-80.7567367553711;0.0798287317156792;0.0111303950031725;90.6513366699219;-9.72488805928151E-07;381.259142275501;296.7877909531;-0.00308040529489517;-3.54164882310215E-07;0.00856704544275999;-0.00580072635784745;0.0109129827469587;-0.00130579993128777;1.56629346940295;236.77409362793;0.00977222098446179;664.197266101837;0
00:01:06;34530.7041397486;28.6067276000977;-80.759880065918;0.0798287317156792;0.0101321539625317;90.6508102416992;-3.88995385947055E-06;370.725811198568;296.477191922587;-0.00318981893360615;-3.2011772077567E-07;0.00886208470910788;-0.0060020643286407;0.0112892091274261;-0.0013551227748394;1.53602664078694;237.649063110352;0.00921551537156471;628.673791885376;0
00:01:07;34910.6802608222;28.6066951751709;-80.7630157470703;0.0798287317156792;0.00923899648765871;90.6513061523438;0;360.240076027708;296.193747521556;-0.00330270337872207;-4.4434381152314E-07;0.0091583076864481;-0.00620901025831699;0.0116657530888915;-0.00140657986048609;1.50637952529575;238.506423950195;0.0087055279510996;596.025466918945;0
00:01:08;35279.7729189042;28.6066646575928;-80.7661590576172;0.0798287317156792;0.00843809691076196;90.6514205932617;-4.86243925479357E-06;349.796084579726;295.934057272889;-0.00340993283316493;-3.40152951139316E-07;0.00948251876980066;-0.00641983421519399;0.012079605832696;-0.00144637911580503;1.47733912764235;239.345504760742;0.00823733044610628;565.954327583313;0
00:01:09;35638.0226578116;28.6066341400146;-80.769287109375;0.0798287317156792;0.00771943976476969;90.6510314941406;-1.9449748833722E-06;339.388633053387;295.695224464781;-0.00353349954821169;-5.50621678030438E-07;0.00981355924159288;-0.00665060197934508;0.0124997952952981;-0.00149992411024868;1.44889590873282;240.165679931641;0.00780761264174244;538.268327713013;0
00:01:10;35985.4649802716;28.6066017150879;-80.7724227905273;0.0798287317156792;0.00707394527019958;90.6513977050781;1.94497442862485E-06;329.01322534901;295.474607477795;-0.00365533865988255;-4.63352762380964E-07;0.0101411435753107;-0.0068737817928195;0.0129177998751402;-0.00155553582590073;1.42104335789704;240.966400146484;0.00741310204049634;512.774109840393;0
00:01:11;36322.1311316453;28.6065711975098;-80.7755508422852;0.0798287317156792;0.00649355977578643;90.6519165039063;1.94497420125117E-06;318.665984480626;295.269553891385;-0.00377813261002302;-3.70487015288745E-07;0.0105016343295574;-0.00711083132773638;0.013377932831645;-0.00160400965251029;1.39377756535884;241.7470703125;0.00705077699964402;489.291667938232;0
00:01:12;36648.0474063056;28.606538772583;-80.778678894043;0.0798287317156792;0.0059710858297335;90.6514892578125;1.94497306438279E-06;308.340974106105;295.075831051813;-0.003912010230124;-3.32968539851208E-07;0.0108901523053646;-0.00736847193911672;0.0138733629137278;-0.0016573608154431;1.36708704985913;242.507202148438;0.00671788161500514;467.65610575676;0
00:01:13;36963.2334297467;28.6065082550049;-80.7817993164063;0.0798287317156792;0.00550013743178172;90.6513061523438;-2.91745891445316E-06;298.032084237705;294.888817720904;-0.00405605603009462;-3.92379092772899E-07;0.0112606110051274;-0.00762865040451288;0.0143446270376444;-0.001725317328237;1.34096030578835;243.246292114258;0.0064118900798141;447.715282440185;0
00:01:14;37267.7038917756;28.6064777374268;-80.7849273681641;0.0798287317156792;0.00507513814454301;90.6520004272461;-3.88994476452353E-06;287.735801007574;294.705244861927;-0.00419309269636869;-5.37974131020746E-07;0.0116355149075389;-0.00788631848990917;0.0148212276399136;-0.00178336049430072;1.31539589367597;243.9638671875;0.00613051219169974;429.33064699173;0
00:01:15;37561.470736498;28.6064453125;-80.7880477905273;0.0798287317156792;0.00469121052858474;90.6522216796875;1.94497170014074E-06;277.450282359508;294.523173432161;-0.00433906028047204;-4.49933679647074E-07;0.0120621081441641;-0.00816729385405779;0.0153657263144851;-0.00184163230005652;1.29040010952569;244.65950012207;0.00587164993755687;412.374556064606;0
00:01:16;37844.5444268547;28.6064147949219;-80.7911605834961;0.0798287317156792;0.00434406381670518;90.6519165039063;-9.72485509009857E-07;267.174459986672;294.341977893614;-0.00449582515284419;-2.86842862351477E-07;0.0124994358047843;-0.00846018921583891;0.015924047678709;-0.00191005633678287;1.26598508477688;245.332763671875;0.0056334076709326;396.731197834015;0
00:01:17;38116.9347488983;28.6063842773438;-80.7942810058594;0.0798287317156792;0.00402990972176374;90.6519088745117;-3.88994112654473E-06;256.907979576633;294.16172055926;-0.0046492931433022;-3.5205496828894E-07;0.0129183903336525;-0.00874701794236898;0.0164572466164827;-0.00197633355855942;1.24216715442347;245.983276367188;0.00541404766036601;382.293820381165;0
00:01:18;38378.6515745185;28.606351852417;-80.7973937988281;0.0798287317156792;0.00374540679535596;90.65234375;0;246.651241150421;293.982655544378;-0.0048072780482471;-3.30431248585228E-07;0.0133430594578385;-0.00903860665857792;0.0169981066137552;-0.00204711919650435;1.2189656950783;246.610717773438;0.00521200086464347;368.965744972229;0
00:01:20;38629.7052406864;28.6063213348389;-80.8005065917969;0.0798287317156792;0.00348759610457306;90.6528015136719;-9.72484713201993E-07;236.404818464907;293.80539060566;-0.00497492123395205;-4.84469637740403E-07;0.0138209257274866;-0.00936033390462399;0.0176063347607851;-0.00211389875039458;1.19640242754596;247.214752197266;0.00502584768043864;356.659114360809;0
00:01:21;38870.1064763488;28.6062908172607;-80.8036117553711;0.0798287317156792;0.00325384972346033;90.6527099609375;2.91745323011128E-06;226.168916471425;293.630775619262;-0.00514678563922644;-4.07027556548201E-07;0.0143205188214779;-0.00968993548303843;0.0182440206408501;-0.00218365411274135;1.17450005981544;247.795043945313;0.00485430452798065;345.294177532196;0
00:01:22;39099.866286953;28.606258392334;-80.8067245483398;0.0798287317156792;0.00304184631051906;90.6524963378906;0;215.943796059899;293.46002668509;-0.00532395532354712;-3.67538405043888E-07;0.0148058831691742;-0.010020132176578;0.0188624318689108;-0.00226119835861027;1.15328321005417;248.35139465332;0.00469620521152636;334.798336029053;0
00:01:23;39318.9961172603;28.6062278747559;-80.8098297119141;0.0798287317156792;0.00284952558422932;90.6526565551758;3.88993566957652E-06;205.729919701317;293.294245379211;-0.00549782905727625;-5.86494707022212E-07;0.015276750549674;-0.0103460354730487;0.0194606874138117;-0.00233454746194184;1.13277800232019;248.883514404297;0.00455051113300537;325.106710195541;0
00:01:24;39527.507869604;28.6061973571777;-80.8129348754883;0.0798287317156792;0.00267505992839035;90.6531677246094;0;195.527747671503;293.134339019543;-0.00568056385964155;-4.04232139317173E-07;0.015769001096487;-0.0106820799410343;0.0200882740318775;-0.0024180777836591;1.11301093034865;249.391204833984;0.00441628133708452;316.160410642624;0
00:01:25;39725.4137782762;28.606164932251;-80.8160400390625;0.0798287317156792;0.00251682627595413;90.6535949707031;-2.9174493647588E-06;185.337578738004;292.98130115505;-0.00586516736075282;-5.72666920106713E-07;0.0162849184125662;-0.0110324593260884;0.020744800567627;-0.00249363412149251;1.09400950452902;249.874237060547;0.00429267592455869;307.906746864319;0
00:01:26;39912.7265827348;28.6061344146729;-80.8191375732422;0.0798287317156792;0.00237340735794896;90.653564453125;9.7248289421259E-07;175.160167277799;292.83751804864;-0.00605106633156538;-4.4886110117659E-07;0.0168222915381193;-0.0113868964836001;0.0214310027658939;-0.00257120188325644;1.07580651313749;250.332458496094;0.00417894373088491;300.298601388931;0
00:01:27;40089.4597759293;28.6061038970947;-80.8222351074219;0.0798287317156792;0.00224354942485775;90.6534423828125;1.94496510630415E-06;164.995853666506;292.705179228633;-0.00623851595446467;-4.71182119099467E-07;0.017348401248455;-0.0117412619292736;0.0221014339476824;-0.00264994218014181;1.05843446363335;250.765716552734;0.00407442677619839;293.294757604599;0
00:01:28;40255.6267714547;28.6060733795166;-80.8253326416016;0.0798287317156792;0.00212615940478584;90.6535034179688;1.94496487893048E-06;154.844140736916;292.585175917692;-0.00642902310937643;-5.12585984324687E-07;0.0178573746234179;-0.0120939966291189;0.0227486900985241;-0.00273358332924545;1.04192188898404;251.173828125;0.00397861427908207;286.86386346817;0
00:01:29;40411.2402254883;28.6060409545898;-80.8284301757813;0.0798287317156792;0.00202023449465467;90.6539611816406;1.94496396943578E-06;144.70410999781;292.477415653655;-0.0066096787340939;-5.58895635549561E-07;0.0183552131056786;-0.0124330893158913;0.0233825389295816;-0.00281041651032865;1.0262944352831;251.556701660156;0.00389100610155889;280.974835157394;0
00:01:30;40556.3116801158;28.6060104370117;-80.8315277099609;0.0798287317156792;0.00192486318218827;90.6545028686523;-4.86240878672106E-06;134.57459824405;292.381180349174;-0.00678820442408323;-5.66533913115563E-07;0.0188530404120684;-0.0127693740651011;0.0240168701857328;-0.00288615399040282;1.01157612836128;251.91423034668;0.00381114242093995;275.598913431168;0
00:01:31;40690.8513635518;28.6059799194336;-80.8346252441406;0.0798287317156792;0.00183923931414777;90.6547317504883;3.8899256651348E-06;124.454278429692;292.295403128921;-0.00696488376706839;-5.44432623428293E-07;0.0193589404225349;-0.013105483725667;0.0246623679995537;-0.00296003767289221;0.997790074577891;252.246276855469;0.00373861266256127;270.710349082947;0
00:01:32;40814.8680885509;28.6059494018555;-80.8377151489258;0.0798287317156792;0.00176263756844785;90.6546859741211;-3.88992521038745E-06;114.341762815977;292.218883508459;-0.00713751837611198;-6.03580076585786E-07;0.0198548845946789;-0.0134350722655654;0.0252950061112642;-0.00303085776977241;0.984958805864836;252.552764892578;0.00367304065561778;266.285479068756;0
00:01:33;40928.3692971626;28.6059169769287;-80.8408126831055;0.0798287317156792;0.00169442180931903;90.6545028686523;-7.77984769229079E-06;104.235725332144;292.150354878415;-0.00731089152395725;-4.97434427870758E-07;0.0203294083476067;-0.0137581303715706;0.0258994605392218;-0.00310743600130081;0.973104523973082;252.833602905273;0.00361408933399083;262.303024530411;0
00:01:34;41031.3611626076;28.6058864593506;-80.8439025878906;0.0798287317156792;0.00163402622006389;90.6546325683594;0;94.1349809349474;292.088526463409;-0.00747492630034685;-5.59389036425273E-07;0.0207737945020199;-0.0140643427148461;0.0264646932482719;-0.00317728263325989;0.962248971162655;253.08869934082;0.00356146528125975;258.744478225708;0
00:01:35;41123.8487675218;28.6058559417725;-80.8469924926758;0.0798287317156792;0.00158096069327751;90.6551513671875;1.94496055883064E-06;84.0385487611113;292.032138272657;-0.00762651907280087;-7.2416639795847E-07;0.0211794376373291;-0.0143470987677574;0.0269800201058388;-0.00323999905958772;0.952413216987877;253.318008422852;0.0035148991366132;255.59276342392;0
00:01:36;41205.8363167727;28.6058235168457;-80.8500823974609;0.0798287317156792;0.00153479758613311;90.6556015014648;-4.86239969177404E-06;73.9456725720491;291.980007063434;-0.00775655591860414;-5.0729215672618E-07;0.0215525086969137;-0.0145925600081682;0.0274566505104303;-0.00329881417565048;0.943617574435364;253.521453857422;0.00347416063742815;252.833276987076;0
00:01:37;41277.3273160076;28.6057929992676;-80.8531723022461;0.0798287317156792;0.00149517112493678;90.6559753417969;-2.91743958769075E-06;63.8557663358966;291.931075174931;-0.00787956174463034;-5.51742232346442E-07;0.0218924190849066;-0.0148238828405738;0.0278894491493702;-0.00335050676949322;0.935881223395864;253.698974609375;0.00343904816526371;250.45320391655;0
00:01:38;41338.3247205103;28.6057624816895;-80.8562622070313;0.0798287317156792;0.00146176964861742;90.6560974121094;9.7247936992062E-07;53.7683278485082;291.884440492838;-0.00798570364713669;-6.24264714588207E-07;0.0222038291394711;-0.015027885325253;0.028287211433053;-0.00339378020726144;0.929221853139052;253.850540161133;0.0034093896780197;248.441621661186;0
00:01:39;41388.831019328;28.6057319641113;-80.8593521118164;0.0798287317156792;0.00143433407388669;90.656005859375;0;43.6829250647138;291.839348100012;-0.00808381102979183;-6.31026637165633E-07;0.0224749110639095;-0.0152121391147375;0.0286324415355921;-0.00343544618226588;0.923655392859465;253.976104736328;0.00338503795911987;246.789127588272;0
00:01:40;41428.8483211845;28.6056995391846;-80.8624420166016;0.0798287317156792;0.00141265175986234;90.6560668945313;9.72478915173269E-07;33.5991876253429;291.795172626492;-0.00816458649933338;-6.91191019086546E-07;0.0226965788751841;-0.0153638636693358;0.0289145782589912;-0.00346863945014775;0.919195624325976;254.075622558594;0.0033658771380737;245.488345623016;0
00:01:41;41458.3784362599;28.6056690216064;-80.8655319213867;0.0798287317156792;0.00139655772650983;90.6562194824219;9.72478460425918E-07;23.516833034795;291.751397135776;-0.0082242963835597;-6.1627940795006E-07;0.0228574611246586;-0.0154746454209089;0.0291192308068275;-0.00349547411315143;0.91585376834299;254.14909362793;0.00335181087066381;244.533121585846;0
00:01:42;41477.4229678903;28.6056385040283;-80.8686218261719;0.0798287317156792;0.00138593030627155;90.6566390991211;-7.77982677391265E-06;13.4357005859216;291.707588022576;-0.00825710315257311;-6.39793768186792E-07;0.0229563117027283;-0.0155380731448531;0.029245724901557;-0.00350926583632827;0.913638298245123;254.196487426758;0.00334277363743513;243.919283151627;0
00:01:43;41485.9834132502;28.6056060791016;-80.8717041015625;0.0798287317156792;0.00138068667408712;90.6571350097656;9.72478005678568E-07;3.35572176279854;291.663382388888;-0.00827287416905165;-5.67764345760224E-07;0.0229962579905987;-0.0155665809288621;0.0292963273823261;-0.00351744797080755;0.912554590494152;254.217788696289;0.00333871900188196;243.643835186958;0
00:01:45;41484.0612228392;28.6055755615234;-80.8747940063477;0.0798287317156792;0.00138078637643795;90.6575317382813;-9.72477778304892E-07;-6.72309760903538;291.618463497443;-0.00826872512698174;-6.62323998312786E-07;0.0229878053069115;-0.0155598036944866;0.029285803437233;-0.00351396598853171;0.912604665319034;254.213012695313;0.00333962853922726;243.705630302429;0
00:01:46;41471.6578285703;28.6055450439453;-80.8778762817383;0.0798287317156792;0.00138622936024924;90.65771484375;9.72477550931217E-07;-16.8007718503706;291.572537899121;-0.00824567396193743;-6.06620119469881E-07;0.0229336712509394;-0.0155182275921106;0.0292175300419331;-0.00350605743005872;0.913787181844743;254.18212890625;0.00334550729536778;244.104966521263;0
00:01:47;41448.774626039;28.6055145263672;-80.8809661865234;0.0798287317156792;0.00139705256853059;90.65771484375;1.94495419236773E-06;-26.8773168925746;291.525298138983;-0.0082089863717556;-6.70343638375925E-07;0.0228331759572029;-0.0154497055336833;0.0290896594524384;-0.0034892016556114;0.91609709763035;254.125198364258;0.00335637912750708;244.843378663063;0
00:01:48;41415.4130284283;28.6054821014404;-80.8840484619141;0.0798287317156792;0.00141333371679154;90.657585144043;-4.86238423036411E-06;-36.9527438398202;291.476392347728;-0.00815096963196993;-6.7334428877075E-07;0.0226752497255802;-0.0153412129729986;0.0288887247443199;-0.00346468575298786;0.919525956896314;254.042205810547;0.00337229671029923;245.924204587936;0
00:01:49;41371.5744712474;28.6054515838623;-80.8871307373047;0.0798287317156792;0.00143518808818145;90.6577835083008;5.83485962124541E-06;-47.0270025774554;291.425395922978;-0.0080733560025692;-6.76030140311923E-07;0.0224529486149549;-0.0151939271017909;0.0286050550639629;-0.00343079958111048;0.924061672813534;253.933197021484;0.00339333755782876;247.352421283722;0
00:01:50;41317.2605003417;28.6054210662842;-80.8902206420898;0.0798287317156792;0.0014627747198109;90.6582336425781;-2.91742867375433E-06;-57.0999166499788;291.371805489705;-0.00798132363706827;-7.45906390875462E-07;0.0221741180866957;-0.0150164049118757;0.0282483734190464;-0.00338693032972515;0.929688783469304;253.798202514648;0.00341959982544731;249.134257435799;0
00:01:51;41252.4728726;28.6053886413574;-80.8933029174805;0.0798287317156792;0.0014962913483469;90.6588745117188;0;-67.1711863723583;291.315015163092;-0.00786474347114563;-7.49899072616245E-07;0.0218528155237436;-0.0147975394502282;0.0278392899781466;-0.00333745125681162;0.936388579806634;253.637237548828;0.00345121248331817;251.277923583984;0
00:01:52;41177.213671078;28.6053581237793;-80.8963851928711;0.0798287317156792;0.00153598225671586;90.6593322753906;0;-77.2404075231577;291.254306995277;-0.00773006258532405;-7.43341502129624E-07;0.0215027909725904;-0.0145487319678068;0.0273950397968292;-0.00328421965241432;0.944139142206839;253.450408935547;0.003488324848752;253.792941570282;0
00:01:53;41091.4853928294;28.6053276062012;-80.8994674682617;0.0798287317156792;0.00158213435978799;90.6593322753906;-2.91742640001758E-06;-87.3071207126962;291.188820926883;-0.00758986081928015;-7.11144593878998E-07;0.0211259983479977;-0.0142873870208859;0.0269157979637384;-0.00322748464532197;0.952915897973931;253.237747192383;0.00353111972299558;256.690919399261;0
00:01:54;40995.2910023062;28.6052951812744;-80.9025497436523;0.0798287317156792;0.00163508413636037;90.6593017578125;0;-97.3708237591095;291.117537611674;-0.00744729209691286;-8.29315126793517E-07;0.0207250360399485;-0.0140180084854364;0.0264051277190447;-0.00316338567063212;0.962691706185282;252.999328613281;0.00357980320120228;259.984910488129;0
00:01:55;40888.6340738088;28.6052646636963;-80.9056243896484;0.0798287317156792;0.00169522203823285;90.6593933105469;0;-107.430859931133;291.039316357783;-0.00729651656001806;-7.64181038448442E-07;0.0202900357544422;-0.0137312700971961;0.0258498266339302;-0.00309706968255341;0.973437273338487;252.735244750977;0.00363461378430915;263.690024614334;0
00:01:56;40771.5189750008;28.6052341461182;-80.9087066650391;0.0798287317156792;0.00176299006541213;90.6597595214844;-2.91742412628082E-06;-117.486388776695;290.952925211721;-0.00712441466748714;-6.97969255725184E-07;0.0198109447956085;-0.0134074119850993;0.0252392459660769;-0.00302487635053694;0.985121552797938;252.445587158203;0.00369582131670285;267.823308706284;0
00:01:57;40643.951055509;28.6052017211914;-80.9117889404297;0.0798287317156792;0.00183889420207763;90.6603393554688;0;-127.536315279634;290.857122865943;-0.00694632902741432;-7.16032161562907E-07;0.0193095840513706;-0.0130709614604712;0.0246003046631813;-0.00294709275476635;0.997712128327387;252.130477905273;0.00376373147568345;272.404074668884;0
00:01:58;40505.9368535262;28.6051712036133;-80.9148635864258;0.0798287317156792;0.00192350375009286;90.6608505249023;-4.86237013319624E-06;-137.579354282593;290.750710841064;-0.00675837555900216;-7.16047509286E-07;0.0188009422272444;-0.0127199701964855;0.023953115567565;-0.00287044793367386;1.01117578019718;251.790023803711;0.00383867784487327;277.453243732452;0
00:01:59;40357.4842190202;28.6051406860352;-80.9179382324219;0.0798287317156792;0.00201745656769833;90.6610412597656;-9.72473799265572E-07;-147.614161680741;290.63255631859;-0.00657891016453505;-8.23233335722762E-07;0.0183089952915907;-0.0123831192031503;0.0233273189514875;-0.00279363105073571;1.02547885908901;251.424377441406;0.00392103922153133;282.994627952576;0
00:02:00;40198.6023373641;28.6051082611084;-80.9210205078125;0.0798287317156792;0.00212147020948894;90.6610717773438;-9.72473344518221E-07;-157.639486801677;290.50159944557;-0.00640483014285564;-7.0048031375336E-07;0.0178243238478899;-0.0120558580383658;0.0227093175053597;-0.00272165425121784;1.04058789180941;251.03369140625;0.00401122892964391;289.054065942764;0
00:02:01;40029.3016397487;28.6050777435303;-80.9240951538086;0.0798287317156792;0.00223635129169118;90.6610336303711;-3.88989292332553E-06;-167.654248101896;290.35702668114;-0.00622668908908963;-8.52340122037276E-07;0.0173269417136908;-0.0117192855104804;0.0220764521509409;-0.00264205900020897;1.05647043417343;250.618133544922;0.00410970181736738;295.659899711609;0
00:02:02;39849.5936290547;28.6050472259521;-80.9271621704102;0.0798287317156792;0.00236299183731429;90.661506652832;4.86236422148068E-06;-177.657539122125;290.198531283872;-0.00604372937232256;-8.32062198696804E-07;0.016806460916996;-0.0113724749535322;0.0214128736406565;-0.00256099179387093;1.07309599317722;250.17790222168;0.00421693187181772;302.841335535049;0
00:02:03;39659.4906440554;28.6050148010254;-80.9302368164063;0.0798287317156792;0.00250239942891146;90.661979675293;-3.88989019484143E-06;-187.64868985905;290.026633390198;-0.00584868807345629;-7.05952800217347E-07;0.0162742082029581;-0.0110082319006324;0.0207345690578222;-0.00248342612758279;1.09043716325686;249.71321105957;0.00433344790865053;310.630947351456;0
00:02:04;39459.0053820452;28.6049842834473;-80.9333038330078;0.0798287317156792;0.00265576597710834;90.6622848510742;-6.80730590829626E-06;-197.627624385556;289.84293415775;-0.00566345173865557;-6.8574394163079E-07;0.0157603733241558;-0.0106599433347583;0.0200799517333508;-0.00240525859408081;1.1084710616565;249.224258422852;0.00445991916069481;319.07069683075;0
00:02:05;39248.1500543309;28.6049537658691;-80.9363708496094;0.0798287317156792;0.0028244538336922;90.6624145507813;-2.91741594082851E-06;-207.595139556926;289.64995609219;-0.00548917287960649;-7.07567153312993E-07;0.0152826327830553;-0.0103332232683897;0.0194717645645142;-0.00233280705288053;1.12717931978611;248.711318969727;0.00459708663547638;328.207015991211;0
00:02:06;39026.9360597776;28.6049213409424;-80.9394378662109;0.0798287317156792;0.00300998374649353;90.6625671386719;-1.94494350580499E-06;-217.551834697114;289.448975457366;-0.00532680843025446;-7.51757568195899E-07;0.0148218395188451;-0.0100251492112875;0.0188848022371531;-0.00225960556417704;1.14654098697675;248.174621582031;0.00474578497336893;338.092118501663;0
00:02:07;38795.3743782965;28.6048908233643;-80.942497253418;0.0798287317156792;0.00321405719638643;90.6629867553711;-6.80729908708599E-06;-227.498153706918;289.240693245988;-0.00515537429600954;-7.50153105855134E-07;0.0143458852544427;-0.00970258936285973;0.0182785429060459;-0.00218686019070446;1.16653427645244;247.614456176758;0.00490694590333486;348.784267902374;0
00:02:08;38553.4755962286;28.6048603057861;-80.9455642700195;0.0798287317156792;0.00343859249721753;90.663444519043;-1.06971838249592E-05;-237.434484586593;289.026052124174;-0.00498044164851308;-8.58234784573142E-07;0.0138542167842388;-0.00937115121632814;0.0176528450101614;-0.00210847891867161;1.1871390047965;247.031112670898;0.00508159985671655;360.34768819809;0
00:02:09;38301.2499503698;28.6048278808594;-80.9486236572266;0.0798287317156792;0.00368574425435079;90.6638107299805;-3.88988337363116E-06;-247.360979998397;288.806155321115;-0.00480890041217208;-8.0447227901459E-07;0.0133799957111478;-0.00904926937073469;0.0170485004782677;-0.00203735311515629;1.20833590861614;246.424911499023;0.00527088905483568;372.853398323059;0
00:02:11;38038.7074888898;28.6047973632813;-80.9516754150391;0.0798287317156792;0.00395794215238357;90.6639938354492;-3.88988200938911E-06;-257.277798847499;288.581878963409;-0.00465392088517547;-8.16356362065562E-07;0.0129598211497068;-0.00875994004309177;0.0165135692805052;-0.00197511189617217;1.23010614687644;245.796203613281;0.00547607763723215;386.379778385162;0
00:02:12;37765.8578208433;28.6047668457031;-80.9547348022461;0.0798287317156792;0.00425790933051421;90.6642150878906;0;-267.185606054909;288.353821554565;-0.00451184576377273;-9.00860641195322E-07;0.0125559838488698;-0.00848954729735851;0.0159996338188648;-0.00190975645091385;1.2524324225728;245.145324707031;0.0056985580293011;401.012778282165;0
00:02:13;37482.7099251812;28.6047344207764;-80.9577865600586;0.0798287317156792;0.00458871052694304;90.6646423339844;-9.72469933913089E-07;-277.085047290045;288.122305686626;-0.00435486203059554;-9.3378594101523E-07;0.012120833620429;-0.00819398742169142;0.0154456114396453;-0.00184286735020578;1.27529775163721;244.472686767578;0.00593986888689083;416.847139596939;0
00:02:14;37189.2724640137;28.6047039031982;-80.9608306884766;0.0798287317156792;0.00495377994372342;90.6649780273438;9.72469592852576E-07;-286.976079575837;287.887759812467;-0.00419746804982424;-1.01825150977675E-06;0.0116883628070354;-0.00789810065180063;0.0148954102769494;-0.00177645916119218;1.298685059996;243.778686523438;0.00620169542222961;433.986067771912;0
00:02:15;36885.5543846106;28.6046733856201;-80.9638824462891;0.0798287317156792;0.00535695393418103;90.6651611328125;2.91740821012354E-06;-296.858056555947;287.650344970685;-0.00405978225171566;-8.89171928974974E-07;0.0113133983686566;-0.00764214061200619;0.0144168930128217;-0.00172323465812951;1.32257614613244;243.063781738281;0.00648588687572748;452.542364597321;0
00:02:16;36571.5653724456;28.604642868042;-80.966926574707;0.0798287317156792;0.00580250897759294;90.6654968261719;0;-306.730151589014;287.409056309109;-0.00393791170790792;-9.86958070825494E-07;0.0109654599800706;-0.00740935234352946;0.013974386267364;-0.00166605494450778;1.34695071058697;242.32844543457;0.00679446616346517;472.638785839081;0
00:02:17;36247.3164567407;28.6046104431152;-80.969970703125;0.0798287317156792;0.00629518497002548;90.6658325195313;0;-316.59066393937;287.161779610216;-0.0038018652703613;-1.01788680240134E-06;0.0105779720470309;-0.00715042138472199;0.0134810730814934;-0.00160382245667279;1.37178492524231;241.573181152344;0.00712964478128667;494.408845901489;0
00:02:18;35912.8215396786;28.6045799255371;-80.9730072021484;0.0798287317156792;0.00684022256573213;90.6661682128906;9.72468569671037E-07;-326.435718428965;286.90588728631;-0.00366155407391489;-1.03201136880671E-06;0.0102056311443448;-0.00689076539129019;0.0130068836733699;-0.00155138084664941;1.39704945274741;240.798553466797;0.00749382714917843;517.996907234192;0
00:02:19;35568.0995986452;28.604549407959;-80.9760437011719;0.0798287317156792;0.00744335774323436;90.6663818359375;9.72468228610524E-07;-336.259306025715;286.637277705119;-0.00355805433355272;-9.38658217819466E-07;0.00990243256092072;-0.00669273221865296;0.0126200430095196;-0.00150230154395103;1.4227072725467;240.005157470703;0.00788962591439822;543.558895587921;0
00:02:20;35213.1760639939;28.6045169830322;-80.9790802001953;0.0798287317156792;0.00811092244286293;90.6668701171875;-9.7246788755001E-07;-346.055828910708;286.351014808403;-0.00344601483084261;-9.53889070842706E-07;0.00958075374364853;-0.00647878833115101;0.0122105246409774;-0.00144998950418085;1.44872107735364;239.193649291992;0.00831986708970925;571.262419223785;0
00:02:21;34848.0812026961;28.6044864654541;-80.9821090698242;0.0798287317156792;0.00884995588603883;90.6671676635742;-3.88987064070534E-06;-355.821293024104;286.044641047353;-0.00331330858170986;-9.46140858104627E-07;0.00923176202923059;-0.00623446796089411;0.0117657650262117;-0.001402358408086;1.47506325467625;238.364715576172;0.00878754671149986;601.283431053162;0
00:02:22;34472.8497915361;28.604455947876;-80.9851379394531;0.0798287317156792;0.00966809352099327;90.6672668457031;-9.72467432802659E-07;-365.550829124855;285.71648021624;-0.00321967899799347;-9.94982656266075E-07;0.00896081048995256;-0.00605458067730069;0.0114211943000555;-0.0013570754090324;1.50170587404135;237.519119262695;0.00929578479317572;633.802950382233;0
00:02:23;34087.5214615604;28.6044254302979;-80.988166809082;0.0798287317156792;0.0105751546952408;90.6678085327148;-3.88986882171594E-06;-375.239984272109;285.363363811345;-0.00312132108956575;-1.09625636923738E-06;0.00868031568825245;-0.00586614198982716;0.0110648646950722;-0.00131056003738195;1.52861944377735;236.657638549805;0.00984929374246689;669.106483459473;0
00:02:24;33692.1409704555;28.6043949127197;-80.9911880493164;0.0798287317156792;0.0115824723860708;90.6682052612305;-3.88986745747388E-06;-384.883308484304;284.982206241897;-0.0030027802567929;-9.7149188604817E-07;0.00837187469005585;-0.00565043929964304;0.0106706293299794;-0.001271593850106;1.55577222231612;235.781158447266;0.0104534886284836;707.52203464508;0
00:02:25;33286.7595458245;28.604362487793;-80.9942092895508;0.0798287317156792;0.0127027776006827;90.6681518554688;9.7246640962112E-07;-394.473879756741;284.570551635927;-0.00292112492024899;-9.7959934919345E-07;0.00814496539533138;-0.0054965908639133;0.0103816827759147;-0.00123682443518192;1.58313018548184;234.890548706055;0.0111143524979172;749.409735202789;0
00:02:26;32871.435412542;28.6043319702148;-80.9972152709961;0.0798287317156792;0.0139503371194927;90.6688461303711;-3.88986563848448E-06;-404.005172695706;284.123940395049;-0.00283077592030168;-9.13028713966924E-07;0.00786928273737431;-0.00532007031142712;0.0100305173546076;-0.00118824501987547;1.61065617363668;233.986831665039;0.0118384226900501;795.16065120697;0
00:02:27;32446.2345004557;28.6043014526367;-81.0002288818359;0.0798287317156792;0.0153414550164286;90.6688232421875;1.94493190974754E-06;-413.468801628274;283.638932238098;-0.0027343372348696;-8.20331081285985E-07;0.00762538937851787;-0.00514674978330731;0.00971854478120804;-0.00115978997200727;1.63831030052724;233.070999145508;0.0126328433082988;845.19898891449;0
00:02:28;32011.2317927582;28.6042709350586;-81.0032272338867;0.0798287317156792;0.0168941255602091;90.6693115234375;-1.94493122762651E-06;-422.856035464295;283.111550217896;-0.00266762333922088;-7.55864846269105E-07;0.00741428276523948;-0.00501422211527824;0.00944978278130293;-0.00112046941649169;1.6660502872219;232.144165039063;0.0135053875381088;899.983286857605;0
00:02:29;31566.5113798315;28.6042404174805;-81.0062255859375;0.0798287317156792;0.0186281824938994;90.6696166992188;9.72465500126418E-07;-432.157750255389;282.536944632724;-0.00256488216109574;-8.16054239294317E-07;0.00715958559885621;-0.00482931500300765;0.00912503432482481;-0.0010904879309237;1.69383097283985;231.207489013672;0.0144644829345398;960.007071495056;0
00:02:30;31112.168000605;28.6042098999023;-81.0092163085938;0.0798287317156792;0.0205654811897581;90.6697998046875;-1.94493031813181E-06;-441.362885829217;281.911277745586;-0.00250949687324464;-1.03274919638352E-06;0.00698129693046212;-0.00471474695950747;0.0089005446061492;-0.00105242477729917;1.72160334258231;230.262191772461;0.0155192250441334;1025.799036026;0
00:02:31;30648.3077578032;28.6041774749756;-81.01220703125;0.0798287317156792;0.0227299947767186;90.6701049804688;0;-450.460437235534;281.228618545094;-0.00242060329765081;-1.18875004773145E-06;0.00674473587423563;-0.00454851659014821;0.00860026944428682;-0.00101753626950085;1.74931409459972;229.309600830078;0.016679396090053;1097.92375564575;0
00:02:32;30175.0495024249;28.6041469573975;-81.0151824951172;0.0798287317156792;0.0251478440554691;90.670539855957;5.83478686166927E-06;-459.437087064206;280.484529898975;-0.00236201495863497;-1.25787789784226E-06;0.00658308481797576;-0.00443763472139835;0.00839493609964848;-0.000992327695712447;1.77690570939101;228.351058959961;0.0179555014431246;1176.98299884796;0
00:02:33;29692.5258773742;28.6041164398193;-81.0181503295898;0.0798287317156792;0.0278478195456649;90.6705627441406;-1.94492872651608E-06;-468.279473848965;279.672429094532;-0.00228424882516265;-1.49493700973835E-06;0.00636937282979488;-0.00428876420482993;0.00812472961843014;-0.000957282492890954;1.80429348969196;227.393661499023;0.0193590759073478;1263.66686820984;0
00:02:34;29200.8847349444;28.6040859222412;-81.021110534668;0.0798287317156792;0.0308648177168619;90.6710433959961;-3.88985608879011E-06;-476.971950624293;278.78698388953;-0.00222878577187657;-1.54284532527527E-06;0.00621173111721873;-0.00418255431577563;0.00792449433356524;-0.000931470247451216;1.83132973629674;226.458450317383;0.0209050512427467;1358.96849632263;0
00:02:35;28700.2903929502;28.6040573120117;-81.0240631103516;0.0798287317156792;0.0342383458010641;90.6710510253906;-2.91739092972421E-06;-485.4981326931;277.821163937873;-0.00216760323382914;-1.6488029359607E-06;0.00603857263922691;-0.00406485889106989;0.00770502211526036;-0.000902606698218733;1.85793760162677;225.546447753906;0.0226104083495105;1463.90879154205;0
00:02:37;28190.9254841525;28.6040267944336;-81.0270004272461;0.0798287317156792;0.0380112434026346;90.6715087890625;0;-493.839694662084;276.768057156956;-0.00210236548446119;-1.89214222245937E-06;0.00586166186258197;-0.00394007796421647;0.00748167419806123;-0.000873919343575835;1.8840436465755;224.656463623047;0.0244933315430085;1579.56099510193;0
00:02:38;27672.9923859416;28.6039962768555;-81.0299301147461;0.0798287317156792;0.0422297666632832;90.6716918945313;-1.94492645277933E-06;-501.976555726628;275.620530836565;-0.00205434230156243;-2.02375304070301E-06;0.0057314052246511;-0.00384885165840387;0.00731681007891893;-0.000853451783768833;1.90957094730013;223.786865234375;0.0265733455222778;1707.06653594971;0
00:02:39;27146.7151373765;28.6039657592773;-81.0328521728516;0.0798287317156792;0.046947202464687;90.6717529296875;-9.72462885329151E-07;-509.887331914305;274.370179658138;-0.00199919939041138;-2.28906583288335E-06;0.00557420775294304;-0.00373999238945544;0.00711915083229542;-0.000824717513751239;1.93443815388297;222.935729980469;0.0288737319750738;1847.78833389282;0
00:02:40;26612.341364678;28.6039352416992;-81.0357513427734;0.0798287317156792;0.0522243682290157;90.6718444824219;-9.72462657955475E-07;-517.548229884965;273.008711901273;-0.00194101757369936;-2.62826756625145E-06;0.00542308250442147;-0.00362914730794728;0.00692923320457339;-0.000801019661594182;1.95855940790321;222.100646972656;0.0314216371786425;2003.31044197083;0
00:02:41;26070.1444124412;28.6039066314697;-81.0386428833008;0.0798287317156792;0.058125956501377;90.672119140625;9.724624305818E-07;-524.933331450318;271.527212101252;-0.00189501396380365;-2.86440240415686E-06;0.00530078494921327;-0.00354103255085647;0.00677532190456986;-0.000781384529545903;1.98184326511795;221.278884887695;0.034246016718337;2175.30250549316;0
00:02:42;25520.4256642405;28.6038761138916;-81.0415115356445;0.0798287317156792;0.064720771378952;90.6723327636719;-1.9449239516689E-06;-532.014683800733;269.915872085605;-0.00185961369425058;-3.3332285056531E-06;0.00518296984955668;-0.00346115045249462;0.00663047423586249;-0.000750792562030256;2.00419297505951;220.467300415039;0.0373781429845207;2365.54670333862;0
00:02:43;24963.5169720547;28.6038475036621;-81.0443649291992;0.0798287317156792;0.0720894547063204;90.6722640991211;-5.83477049076464E-06;-538.761671682519;268.164294128791;-0.00181752676144242;-3.72162821804523E-06;0.00506206601858139;-0.00337493210099638;0.00648024538531899;-0.000726186262909323;2.02550488716792;219.662384033203;0.0408565090979598;2576.2414932251;0
00:02:44;24399.784379351;28.6038188934326;-81.0472030639648;0.0798287317156792;0.0803196058390243;90.6722412109375;-1.9449230421742E-06;-545.138819277527;266.260449407735;-0.00177521829027683;-4.24173185820109E-06;0.00494870450347662;-0.00328913703560829;0.00634041614830494;-0.000704037491232157;2.04566025612652;218.860244750977;0.0447243817748622;2809.83519554138;0
00:02:45;23829.6335069304;28.6037883758545;-81.0500183105469;0.0798287317156792;0.089499472257142;90.6721496582031;2.91738319901924E-06;-551.105897685421;264.190731994029;-0.00173307105433196;-4.56412317362265E-06;0.00483800796791911;-0.00320724491029978;0.00620205840095878;-0.00068558007478714;2.06452520005993;218.056671142578;0.0490272207921088;3068.85433197021;0
00:02:46;23253.5137618957;28.603759765625;-81.0528106689453;0.0798287317156792;0.0997230591360022;90.6721267700195;4.86230555907241E-06;-556.618978683602;261.940637487747;-0.00169721129350364;-5.12094356963644E-06;0.00473573338240385;-0.00313064153306186;0.00607707630842924;-0.000662398932036012;2.08195470774216;217.247131347656;0.0538166692783919;3356.14323616028;0
00:02:47;22671.9223822588;28.6037311553955;-81.0555725097656;0.0798287317156792;0.111099015089883;90.6719436645508;4.86230328533566E-06;-561.629956294203;259.494583164304;-0.00166223151609302;-5.55938913748832E-06;0.0046467580832541;-0.00306114950217307;0.00596735114231706;-0.00064663402736187;2.09779062545638;216.426788330078;0.0591562250597004;3675.20093917847;0
00:02:48;22085.4089978086;28.6037044525146;-81.0583190917969;0.0798287317156792;0.123732532801529;90.6716613769531;-9.72460611592396E-07;-566.08631906721;256.835913822892;-0.00163338414859027;-6.03488751949044E-06;0.00455882586538792;-0.00299703073687851;0.00586022716015577;-0.000624880020041019;2.11186008416498;215.590621948242;0.0651129850286992;4029.64782714844;0
00:02:49;21494.5800681049;28.6036758422852;-81.0610275268555;0.0798287317156792;0.137730357954547;90.6713638305664;3.88984108212753E-06;-569.931413227137;253.947128852512;-0.00160030694678426;-6.65164270685636E-06;0.00447368295863271;-0.00292791961692274;0.00575713068246841;-0.00060722726630047;2.12397640467423;214.7333984375;0.0717579913654243;4423.22969436646;0
00:02:50;20900.1034241673;28.6036472320557;-81.0637054443359;0.0798287317156792;0.15321381645665;90.671012878418;-4.8623001021042E-06;-573.103844301109;250.809880165807;-0.0015704621328041;-7.05803631717572E-06;0.00439599389210343;-0.00286746397614479;0.00566166406497359;-0.00059268728364259;2.13393831905302;213.849365234375;0.0791801074810753;4860.6424331665;0
00:02:51;20302.7131407466;28.6036205291748;-81.0663528442383;0.0798287317156792;0.170273012016762;90.6703414916992;-3.88983835364343E-06;-575.53784995389;247.405076090781;-0.00154284958261997;-6.63650143906125E-06;0.00432998687028885;-0.00282552628777921;0.00557302078232169;-0.000591519812587649;2.14154591357362;212.929244995117;0.0874788158885095;5346.97103500366;0
00:02:52;19703.2131410856;28.6035938262939;-81.0689544677734;0.0798287317156792;0.188913087125232;90.6697387695313;9.72459474724019E-07;-577.1654941825;243.713954982913;-0.00152357097249478;-6.12978647041018E-06;0.00426895916461945;-0.00279409368522465;0.0054910397157073;-0.000585352012421936;2.14632843931802;212.015640258789;0.0967322825143248;5887.20226287842;0
00:02:53;19102.477678284;28.6035671234131;-81.0715255737305;0.0798287317156792;0.209071831429659;90.6688842773438;-1.94491849470069E-06;-577.919856671081;239.719476905228;-0.00150358758401126;-5.30145007360261E-06;0.00421180762350559;-0.00276828790083528;0.00541061721742153;-0.000585492991376668;2.14771677390499;211.169967651367;0.107012243945505;6486.87076568604;0
00:02:54;18501.4491306003;28.6035423278809;-81.0740509033203;0.0798287317156792;0.230610689494578;90.6679382324219;1.94491781257966E-06;-577.737235826075;235.407237500587;-0.00148231408093125;-5.0031903811032E-06;0.00416279630735517;-0.00273634400218725;0.00534475315362215;-0.000585218367632478;2.14514760820356;210.454071044922;0.118382503504;7151.78537368774;0
00:02:55;17901.1328720124;28.603515625;-81.0765228271484;0.0798287317156792;0.25328069576923;90.666748046875;0;-576.560741429539;230.76677518721;-0.00146670208778232;-4.48354467152967E-06;0.00412242347374558;-0.00271589960902929;0.00528825167566538;-0.000586023379582912;2.13808945800419;209.929153442383;0.130883834787624;7887.30049133301;0
00:02:56;17302.5879823007;28.6034908294678;-81.0789489746094;0.0798287317156792;0.276725172493275;90.6654663085938;-2.9173752409406E-06;-574.344436191675;225.79303787861;-0.00145102292299271;-5.48362004337832E-06;0.00409182906150818;-0.00267581432126462;0.00525784818455577;-0.000575375917833298;2.12607251832952;209.654769897461;0.144534272155083;8698.51684570313;0
00:02:57;16706.9137736624;28.6034679412842;-81.0813217163086;0.0798287317156792;0.300474975624241;90.6638488769531;1.94491667571128E-06;-571.057305489014;220.487623455235;-0.00144187163095921;-6.74716784487828E-06;0.00406034663319588;-0.00263689621351659;0.00523013295605779;-0.000554717786144465;2.10871997778007;209.687637329102;0.159320156567924;9589.87998962402;0
00:02:58;16115.2319793459;28.603443145752;-81.0836334228516;0.0798287317156792;0.323941762789623;90.6621704101563;-1.94491599359026E-06;-566.687647565484;214.860183577275;-0.00143122463487089;-8.17622185422806E-06;0.00404085870832205;-0.00259853177703917;0.00521815754473209;-0.00054032844491303;2.08578064798755;210.080505371094;0.175189768340198;10564.868927002;0
00:02:59;15528.6640885677;28.6034202575684;-81.0858840942383;0.0798287317156792;0.34645637331686;90.6602783203125;0;-561.247777261962;208.929508745183;-0.00142159406095743;-8.17502314021112E-06;0.00402882602065802;-0.00258594052866101;0.00520174624398351;-0.000544129579793662;2.05716017478837;210.881118774414;0.192049422043732;11625.732421875;0
00:03:00;14948.3058259264;28.6033992767334;-81.0880661010742;0.0798287317156792;0.367432516982249;90.6580505371094;2.91737296720385E-06;-554.774010412038;202.723111267549;-0.00142105075065047;-6.31386819804902E-06;0.00401804549619555;-0.00261035887524486;0.00517096277326345;-0.000558573578018695;2.02293897705533;212.129699707031;0.209765124444767;12773.3373641968;0
00:03:01;14375.2049231417;28.6033782958984;-81.0901870727539;0.0798287317156792;0.386749605495335;90.6557083129883;3.88982971344376E-06;-547.319352703087;196.274001705678;-0.00141986936796457;-5.98525821260409E-06;0.00401704618707299;-0.00261412747204304;0.00516638066619635;-0.000562734086997807;1.98440146474303;213.631484985352;0.228425308698045;14008.095741272;0
00:03:03;13810.350935827;28.6033573150635;-81.0922393798828;0.0798287317156792;0.404336142939561;90.6531066894531;-1.94491440197453E-06;-538.9459677159;189.617076228035;-0.00142596522346139;-4.93346124130767E-06;0.00402018008753657;-0.00263684242963791;0.00516135524958372;-0.000568707764614373;1.94260496156765;215.231903076172;0.248113983714103;15329.4830322266;0
00:03:04;13254.6464236761;28.6033382415771;-81.0942153930664;0.0798287317156792;0.4199647474719;90.6502990722656;0;-529.76053260678;182.801751749698;-0.00142410269472748;-4.35779384133639E-06;0.00403477950021625;-0.00264998548664153;0.0051729092374444;-0.000584310386329889;1.89801207837805;216.930572509766;0.268772538645568;16736.909866333;0
00:03:05;12708.8683693679;28.6033191680908;-81.0961227416992;0.0798287317156792;0.433510687145683;90.6473083496094;-2.91737092084077E-06;-519.892128992682;175.883108701286;-0.00142992450855672;-3.66808194485202E-06;0.00404625479131937;-0.00267004827037454;0.00518126366659999;-0.000591161544434726;1.8511633198349;218.72607421875;0.290335424874864;18229.3090820313;0
00:03:06;12173.6556774266;28.6033000946045;-81.0979537963867;0.0798287317156792;0.444895830999324;90.64404296875;-9.72456746239914E-07;-509.475831096872;168.915809670717;-0.00143537670373917;-3.27369366459607E-06;0.00406926637515426;-0.00268965074792504;0.00520614208653569;-0.000601553707383573;1.80261420084622;220.616134643555;0.312724853648458;19804.7466278076;0
00:03:07;11649.5059095705;28.6032829284668;-81.0997161865234;0.0798287317156792;0.454043743625015;90.6407165527344;-1.94491326510615E-06;-498.647748400749;161.952110440528;-0.00144195777829736;-3.09199754155998E-06;0.0040838485583663;-0.00270354142412543;0.00522324489429593;-0.000604047963861376;1.75291500717428;222.597717285156;0.335855344248372;21460.636138916;0
00:03:08;11136.7780475663;28.6032657623291;-81.1013946533203;0.0798287317156792;0.46105229721974;90.6370849609375;9.724564051794E-07;-487.536423577423;155.039334745357;-0.00145328044891357;-2.26358224608703E-06;0.00410139095038176;-0.00273266597650945;0.00523872813209891;-0.0006092683179304;1.70257867433241;224.667236328125;0.359637501179977;23193.9296722412;0
00:03:09;10635.7053248584;28.60325050354;-81.1030120849609;0.0798287317156792;0.466068701696115;90.6331787109375;-9.72456291492563E-07;-476.25471323969;148.217311612804;-0.00145964568946511;-2.61791797129263E-06;0.00413621636107564;-0.00274576060473919;0.00528507959097624;-0.000617720186710358;1.65205154732555;226.820709228516;0.383981774451391;25001.3198852539;0
00:03:10;10146.4131514272;28.603235244751;-81.1045455932617;0.0798287317156792;0.469255959497333;90.629150390625;0;-464.897241873939;141.517879374974;-0.00146715750452131;-2.14974284062919E-06;0.00415774248540401;-0.00276773725636303;0.00530789233744144;-0.000625619722995907;1.60170527331869;229.053802490234;0.408798277333585;26879.1904449463;0
00:03:11;9668.9446624564;28.6032218933105;-81.1060180664063;0.0798287317156792;0.470748363019263;90.6250305175781;-9.72456064118887E-07;-453.519950302158;134.959516792653;-0.00148099800571799;-1.49604761645605E-06;0.00418045278638601;-0.00279813818633556;0.0053318147547543;-0.000628867768682539;1.55176809082929;231.361968994141;0.433998751232054;28823.7228393555;0
00:03:12;9203.32352368999;28.6032085418701;-81.107421875;0.0798287317156792;0.470557674753364;90.6206741333008;5.83473502047127E-06;-442.109541432813;128.53913994795;-0.00148634368088096;-1.66337235896208E-06;0.00420983554795384;-0.00281133688986301;0.00536959571763873;-0.000637413002550602;1.50222563389214;233.740173339844;0.459497487916863;30830.8944702148;0
00:03:13;8749.60309352912;28.6031951904297;-81.1087493896484;0.0798287317156792;0.468638090960644;90.6161499023438;9.72455723058374E-07;-430.627979246507;122.246745626231;-0.00149481242988259;-1.73270166214934E-06;0.00423570768907666;-0.00282714469358325;0.0054030017927289;-0.00064155284781009;1.45297906310572;236.18278503418;0.485207209537303;32896.1524963379;0
00:03:14;8307.88325576019;28.6031837463379;-81.1100158691406;0.0798287317156792;0.464911650313577;90.611572265625;-1.94491144611675E-06;-419.021339913438;116.068863317224;-0.00151045445818454;-1.64960931670066E-06;0.00426034908741713;-0.00285038375295699;0.0054352548904717;-0.000638439785689116;1.40387797236861;238.683441162109;0.511038977640441;35014.3394470215;0
00:03:15;7878.4849298168;28.6031723022461;-81.1112213134766;0.0798287317156792;0.458436947112908;90.6067810058594;9.72455381997861E-07;-406.76048430894;109.863615666712;-0.00151737174019217;-1.02035573945614E-06;0.00429488532245159;-0.00287997233681381;0.00547169940546155;-0.000655273615848273;1.35320307125542;241.231338500977;0.536897443719786;37178.7414550781;0
00:03:16;7462.71342440043;28.6031627655029;-81.1123504638672;0.0798287317156792;0.446620646792829;90.6022033691406;-9.72455381997861E-07;-392.687352629928;103.332432827108;-0.0015394389629364;-8.70848566592031E-07;0.00435000890865922;-0.00292155332863331;0.00554098561406136;-0.000662230944726616;1.29733354175537;243.763977050781;0.562734400935625;39376.9989013672;0
00:03:17;7062.84422126599;28.6031513214111;-81.1134185791016;0.0798287317156792;0.427844039908161;90.5978393554688;-2.91736614599358E-06;-376.198115480918;96.3456068430669;-0.00157195469364524;-4.44965962742572E-07;0.00442911498248577;-0.00298530887812376;0.00563859194517136;-0.000673046859446913;1.23449189876303;246.234436035156;0.588398756329171;41590.1184082031;0
00:03:18;6681.25504229218;28.6031436920166;-81.1144027709961;0.0798287317156792;0.402862572589153;90.5936584472656;9.72455154624186E-07;-357.766474525905;89.0594628998405;-0.00161102029960603;-3.16591211912964E-07;0.00453904643654823;-0.00306174717843533;0.00577718485146761;-0.000690874352585524;1.16639278677326;248.612533569336;0.613678399205291;43795.9022521973;0
00:03:19;6319.08887638524;28.6031341552734;-81.1153106689453;0.0798287317156792;0.375701402528397;90.5899047851563;0;-339.261876280941;81.9642900069536;-0.00165696756448597;-4.68422342692065E-07;0.00465692393481731;-0.00314186466857791;0.0059297326952219;-0.000702993012964725;1.09919048358154;250.878524780273;0.638423183736952;45977.1194458008;0
00:03:20;5974.74351111986;28.6031265258789;-81.1161499023438;0.0798287317156792;0.353858527760745;90.5866394042969;1.94491030924837E-06;-324.114910214719;75.8805776056502;-0.00168915663380176;-7.51908487472974E-07;0.00474094552919269;-0.0031956322491169;0.00604006322100759;-0.000710800813976675;1.04387608420021;253.032836914063;0.66266549023829;48132.7705383301;0
00:03:21;5643.32551284786;28.603120803833;-81.1169281005859;0.0798287317156792;0.342514051617761;90.5840759277344;2.91736546387256E-06;-314.179780657129;71.1898954121501;-0.00169629242736846;-8.28874647140765E-07;0.00474623590707779;-0.00320165487937629;0.00604902999475598;-0.000705046579241753;1.00611441555884;255.098815917969;0.686689836362099;50285.026550293;0
00:03:22;5320.13602108229;28.6031131744385;-81.1176681518555;0.0798287317156792;0.338919475817423;90.5817184448242;-5.83473001825041E-06;-307.921404838471;67.4715826528147;-0.00167834351304919;-5.25673783613456E-07;0.00470252381637692;-0.00317547563463449;0.0059897624887526;-0.000703555822838098;0.980671419697576;257.099884033203;0.710805752749308;52459.2933654785;0
00:03:23;5002.19730265345;28.6031074523926;-81.1183624267578;0.0798287317156792;0.340000085552094;90.5794067382813;-1.94490962712734E-06;-303.843581405498;64.3459672757156;-0.00164953607600182;-1.76197238488385E-06;0.00462523149326444;-0.00310145644471049;0.00590327754616737;-0.000683672958984971;0.962579787019879;259.049102783203;0.735227083497222;54673.038482666;0
00:03:24;4687.7709557265;28.6031017303467;-81.1190338134766;0.0798287317156792;0.343872141524205;90.5771484375;-1.94490962712734E-06;-301.028502841997;61.5872775167337;-0.00161389424465597;-2.56948987953365E-06;0.00452723074704409;-0.00302101369015872;0.00578635465353727;-0.000663462211377919;0.948817112959916;260.951995849609;0.760093850419688;56937.3779296875;0
00:03:25;4375.85121208429;28.6030960083008;-81.1196746826172;0.0798287317156792;0.349447650324863;90.5746154785156;1.94490962712734E-06;-298.94200355136;59.06733450572;-0.00157504004891962;-3.55989732270245E-06;0.00441504223272204;-0.00292907934635878;0.00565374130383134;-0.000637730001471937;0.937635064475819;262.809600830078;0.785504623928569;59259.7198486328;0
00:03:26;4065.86482535489;28.6030902862549;-81.1202926635742;0.0798287317156792;0.35606330196959;90.5718383789063;-9.72454813563672E-07;-297.260604710545;56.7106587141647;-0.00153756409417838;-4.33237255492713E-06;0.00430410774424672;-0.00284224236384034;0.0055208676494658;-0.000612885225564241;0.927982542449028;264.620330810547;0.811531195180982;61645.0271606445;0
00:03:27;3757.50945088454;28.603084564209;-81.1208877563477;0.0798287317156792;0.36327066971522;90.5690612792969;-2.9173640996305E-06;-295.77275947323;54.4696637612365;-0.00149626145139337;-4.68050438939827E-06;0.00419048173353076;-0.00275883683934808;0.00537950778380036;-0.000594130135141313;0.919179120121971;266.381011962891;0.838227735246923;64096.5881347656;0
00:03:29;3450.66893275548;28.6030807495117;-81.121452331543;0.0798287317156792;0.370720934017359;90.5658874511719;0;-294.324237248107;52.3116178590416;-0.00145024852827191;-4.57371152151609E-06;0.0040818708948791;-0.00268229865469038;0.00523801147937775;-0.000586963666137308;0.910735835176606;268.087463378906;0.865638443508959;66616.6305541992;0
00:03:30;3145.35901971534;28.6030750274658;-81.1219940185547;0.0798287317156792;0.37817378744838;90.5624084472656;-9.72454586189997E-07;-292.825589978972;50.2181304254083;-0.00141272146720439;-4.40198846263229E-06;0.00396929634734988;-0.0026107388548553;0.0050938525237143;-0.000568250252399594;0.902372679791207;269.734893798828;0.893798924702402;69206.4514160156;0
00:03:31;2841.63649081811;28.6030712127686;-81.1225204467773;0.0798287317156792;0.385604951045616;90.5585327148438;2.91736387225683E-06;-291.273934142575;48.1872128643739;-0.0013744676252827;-2.51961068897799E-06;0.00386157189495862;-0.00257021933794022;0.00493807345628738;-0.000564996618777514;0.894079891975668;271.318511962891;0.922741654071334;71866.943359375;0
00:03:32;2539.55317365751;28.6030673980713;-81.1230239868164;0.0798287317156792;0.393026564440079;90.554443359375;0;-289.6753155193;46.2184098589692;-0.00133956456556916;-1.47950458995183E-06;0.00375858438201249;-0.0025195509660989;0.00479723373427987;-0.000554529600776732;0.885874945598728;272.833648681641;0.952502964278635;74599.1516113281;0
00:03:33;2239.15512884781;28.603063583374;-81.1235046386719;0.0798287317156792;0.400448358368407;90.5499267578125;2.91736387225683E-06;-288.034827069657;44.3110478372518;-0.00130039255600423;-6.44706688035512E-07;0.00365738570690155;-0.00246344623155892;0.0046591479331255;-0.000548558018635958;0.87777157962214;274.276000976563;0.983118051879802;77403.9459228516;0
00:03:34;1940.48267329205;28.6030597686768;-81.1239700317383;0.0798287317156792;0.407703005568915;90.544921875;-2.91736341750948E-06;-286.35998064602;42.4647770249998;-0.00126058864407241;-4.26076979920254E-07;0.00355796352960169;-0.00239716446958482;0.00452903937548399;-0.00054014747729525;0.869790558322664;275.641387939453;1.01462260487132;80282.0739746094;0
00:03:35;1643.56261232775;28.6030559539795;-81.1244125366211;0.0798287317156792;0.414698329839064;90.5394821166992;-3.88981789001264E-06;-284.668313498041;40.6805926711141;-0.00122940889559686;-7.0972441790218E-07;0.00345541792921722;-0.00232617859728634;0.00440313899889588;-0.000516645261086524;0.861982347749678;276.925933837891;1.04705043462228;83234.016418457;0
00:03:36;1348.40419760998;28.6030521392822;-81.1248321533203;0.0798287317156792;0.421535554311956;90.5337524414063;-2.9173631901358E-06;-282.974330628453;38.9588691725256;-0.00119644566439092;-5.97686721448554E-07;0.00335865770466626;-0.00226353318430483;0.00427940720692277;-0.0005010676686652;0.854387414797184;278.126037597656;1.08043818090384;86260.3454589844;0
00:03:37;1055.00477459747;28.603048324585;-81.1252365112305;0.0798287317156792;0.428304006686417;90.5271606445313;-9.72454358816321E-07;-281.286701164633;37.298973609329;-0.00116203841753304;-2.10220008511897E-07;0.0032656011171639;-0.00220647361129522;0.00415672082453966;-0.000491017883177847;0.847028086874193;279.238311767578;1.11482584643687;89361.7477416992;0
00:03:38;763.355324290693;28.6030445098877;-81.1256256103516;0.0798287317156792;0.435081191439457;90.5202941894531;-2.91736250801478E-06;-279.609248669026;35.6995227779253;-0.00113017752300948;-3.6493563015938E-07;0.00317317014560103;-0.00214182841591537;0.00404102960601449;-0.000474925735034049;0.839911934937107;280.259521484375;1.15025794308263;92539.0930175781;0
00:03:39;473.445040089078;28.6030426025391;-81.1259994506836;0.0798287317156792;0.441936419790425;90.5130004882813;9.72454358816321E-07;-277.941788711896;34.1586628737029;-0.00109086558222771;-2.69606260872024E-07;0.00308641139417887;-0.00207967543974519;0.00392684107646346;-0.00047234699013643;0.833034489466048;281.186614990234;1.18679052891505;95794.0063476563;0
00:03:40;185.265081238933;28.6030387878418;-81.1263580322266;0.0798287317156792;0.448928791422551;90.5048217773438;0;-276.280922138034;32.6739452941048;-0.00106096966192126;-6.9291127147153E-07;0.00299585843458772;-0.00201239972375333;0.00381666235625744;-0.000453403539722785;0.82638174952166;282.016662597656;1.22448221395648;99128.1204223633;0
